Date,Bank Name,Atm's on-site,Atm's off-site,Credit card cash withdraw,Debit card cash withdraw
Jan2025,,,,,
Jan2025,BANK OF BARODA,8504.0,2411.0,63510.0,120380330.0
Jan2025,BANK OF INDIA,5341.0,2895.0,29163.0,63783084.0
Jan2025,BANK OF MAHARASHTRA,2197.0,252.0,3709.0,29366539.0
Jan2025,CANARA BANK,8174.0,3794.0,560312.0,150843429.0
Jan2025,CENTRAL BANK OF INDIA,2857.0,1144.0,0.0,39560576.0
Jan2025,INDIAN BANK,4616.0,607.0,33913.0,92238269.0
Jan2025,INDIAN OVERSEAS BANK,2765.0,733.0,13141.0,50149331.0
Jan2025,PUNJAB AND SIND BANK,1019.0,27.0,0.0,6995931.0
Jan2025,PUNJAB NATIONAL BANK,7816.0,4188.0,21490.0,127630387.0
Jan2025,STATE BANK OF INDIA,27254.0,37739.0,587473.0,847272075.0
Jan2025,UCO BANK,2254.0,226.0,0.0,30817570.0
Jan2025,UNION BANK OF INDIA,6786.0,1340.0,41316.0,128597054.0
Jan2025,,,,,
Jan2025,AXIS BANK LTD,6595.0,7933.0,376148.0,115354101.0
Jan2025,BANDHAN BANK LTD,433.0,5.0,0.0,12527291.0
Jan2025,CITY UNION BANK LTD.,1179.0,518.0,1237.0,13638792.0
Jan2025,CSB BANK LTD.,745.0,39.0,0.0,2231814.0
Jan2025,DCB BANK LTD,425.0,5.0,2.0,1558676.0
Jan2025,DHANALAXMI BANK LTD,241.0,39.0,998.0,1929435.0
Jan2025,FEDERAL BANK LTD,1744.0,314.0,28298.0,40660068.0
Jan2025,HDFC BANK LTD,12421.0,8540.0,1242860.0,228927930.0
Jan2025,ICICI BANK LTD,10239.0,5960.0,333134.0,109666039.0
Jan2025,IDBI BANK LTD,2383.0,776.0,3356.0,26523127.0
Jan2025,IDFC FIRST BANK LTD,906.0,311.0,122670.0,19277859.0
Jan2025,INDUSIND BANK LTD,1989.0,1041.0,135234.0,23895503.0
Jan2025,JAMMU AND KASHMIR BANK LTD,944.0,634.0,51449.0,26191822.0
Jan2025,KARNATAKA BANK LTD,948.0,561.0,0.0,18482419.0
Jan2025,KARUR VYSYA BANK LTD,1517.0,701.0,3200.0,20134108.0
Jan2025,KOTAK MAHINDRA BANK LTD,1908.0,1422.0,131024.0,52754644.0
Jan2025,NAINITAL BANK LTD,0.0,0.0,0.0,327276.0
Jan2025,RBL BANK LTD,377.0,35.0,146919.0,2899033.0
Jan2025,SOUTH INDIAN BANK,911.0,370.0,0.0,14594621.0
Jan2025,TAMILNAD MERCANTILE BANK LTD,505.0,650.0,7886.0,21695809.0
Jan2025,YES BANK LTD,1170.0,157.0,82578.0,11292822.0
Dec2024,,,,,
Dec2024,,,,,
Dec2024,BANK OF BARODA,8395.0,2383.0,66327.0,118048467.0
Dec2024,BANK OF INDIA,5339.0,2897.0,57497.0,63750511.0
Dec2024,BANK OF MAHARASHTRA,2173.0,243.0,3744.0,28403102.0
Dec2024,CANARA BANK,8217.0,3809.0,581758.0,149324314.0
Dec2024,CENTRAL BANK OF INDIA,2857.0,1144.0,0.0,40488348.0
Dec2024,INDIAN BANK,4617.0,607.0,36844.0,91525693.0
Dec2024,INDIAN OVERSEAS BANK,2764.0,737.0,13563.0,51422876.0
Dec2024,PUNJAB AND SIND BANK,1016.0,27.0,0.0,6935195.0
Dec2024,PUNJAB NATIONAL BANK,7826.0,4208.0,24790.0,128392112.0
Dec2024,STATE BANK OF INDIA,26468.0,37646.0,588195.0,846159589.0
Dec2024,UCO BANK,2254.0,223.0,0.0,30228287.0
Dec2024,UNION BANK OF INDIA,5557.0,1206.0,43377.0,133559127.0
Dec2024,,,,,
Dec2024,AXIS BANK LTD,6505.0,7955.0,382768.0,114970139.0
Dec2024,BANDHAN BANK LTD,433.0,5.0,0.0,13046399.0
Dec2024,CITY UNION BANK LTD.,1170.0,523.0,1419.0,13297319.0
Dec2024,CSB BANK LTD.,737.0,40.0,0.0,2246526.0
Dec2024,DCB BANK LTD,425.0,5.0,2.0,1637803.0
Dec2024,DHANALAXMI BANK LTD,241.0,39.0,1030.0,1917014.0
Dec2024,FEDERAL BANK LTD,1739.0,314.0,26634.0,40424701.0
Dec2024,HDFC BANK LTD,12403.0,8646.0,1311483.0,231886539.0
Dec2024,ICICI BANK LTD,10186.0,6088.0,346519.0,111707973.0
Dec2024,IDBI BANK LTD,2377.0,807.0,3132.0,26263758.0
Dec2024,IDFC FIRST BANK LTD,913.0,295.0,128393.0,19173071.0
Dec2024,INDUSIND BANK LTD,1922.0,1071.0,129306.0,23959818.0
Dec2024,JAMMU AND KASHMIR BANK LTD,944.0,633.0,41588.0,27926297.0
Dec2024,KARNATAKA BANK LTD,944.0,562.0,0.0,18429414.0
Dec2024,KARUR VYSYA BANK LTD,1493.0,704.0,4273.0,20155296.0
Dec2024,KOTAK MAHINDRA BANK LTD,1896.0,1441.0,136814.0,52946254.0
Dec2024,NAINITAL BANK LTD,0.0,0.0,0.0,337461.0
Dec2024,RBL BANK LTD,376.0,35.0,156871.0,2789844.0
Dec2024,SOUTH INDIAN BANK,910.0,370.0,0.0,14604445.0
Dec2024,TAMILNAD MERCANTILE BANK LTD,508.0,654.0,8432.0,21639415.0
Dec2024,YES BANK LTD,1168.0,157.0,85731.0,11495120.0
Nov2024,,1.0,2.0,16.0,24.0
Nov2024,,,,,
Nov2024,,,,,
Nov2024,BANK OF BARODA,8345.0,2343.0,64370.0,111001788.0
Nov2024,BANK OF INDIA,5337.0,2898.0,53558.0,60253474.0
Nov2024,BANK OF MAHARASHTRA,2160.0,242.0,4066.0,25800558.0
Nov2024,CANARA BANK,8272.0,3818.0,545268.0,143888559.0
Nov2024,CENTRAL BANK OF INDIA,2857.0,1144.0,0.0,38940301.0
Nov2024,INDIAN BANK,4613.0,609.0,34235.0,89199998.0
Nov2024,INDIAN OVERSEAS BANK,2762.0,738.0,12270.0,48701855.0
Nov2024,PUNJAB AND SIND BANK,1017.0,26.0,0.0,6867868.0
Nov2024,PUNJAB NATIONAL BANK,7799.0,4216.0,22156.0,124716879.0
Nov2024,STATE BANK OF INDIA,26037.0,37787.0,556814.0,807129000.0
Nov2024,UCO BANK,2246.0,228.0,0.0,28760255.0
Nov2024,UNION BANK OF INDIA,7032.0,1368.0,44852.0,127944214.0
Nov2024,,,,,
Nov2024,AXIS BANK LTD,6482.0,8004.0,363425.0,110525984.0
Nov2024,BANDHAN BANK LTD,433.0,5.0,0.0,12690347.0
Nov2024,CITY UNION BANK LTD.,1172.0,519.0,1361.0,12538655.0
Nov2024,CSB BANK LTD.,728.0,44.0,0.0,2106095.0
Nov2024,DCB BANK LTD,425.0,5.0,0.0,1570401.0
Nov2024,DHANALAXMI BANK LTD,241.0,39.0,1013.0,1840756.0
Nov2024,FEDERAL BANK LTD,1732.0,313.0,24988.0,38548304.0
Nov2024,HDFC BANK LTD,12174.0,8606.0,1261931.0,221123286.0
Nov2024,ICICI BANK LTD,10081.0,6105.0,329174.0,106733160.0
Nov2024,IDBI BANK LTD,2366.0,867.0,3382.0,24648840.0
Nov2024,IDFC FIRST BANK LTD,910.0,294.0,121685.0,18439936.0
Nov2024,INDUSIND BANK LTD,1916.0,1113.0,119722.0,22428095.0
Nov2024,JAMMU AND KASHMIR BANK LTD,947.0,632.0,41364.0,29720584.0
Nov2024,KARNATAKA BANK LTD,940.0,565.0,0.0,17658043.0
Nov2024,KARUR VYSYA BANK LTD,1482.0,714.0,5151.0,19228458.0
Nov2024,KOTAK MAHINDRA BANK LTD,1867.0,1453.0,135122.0,50793926.0
Nov2024,NAINITAL BANK LTD,0.0,0.0,0.0,324990.0
Nov2024,RBL BANK LTD,373.0,35.0,152701.0,2669443.0
Nov2024,SOUTH INDIAN BANK,910.0,370.0,0.0,13874074.0
Nov2024,TAMILNAD MERCANTILE BANK LTD,509.0,653.0,7658.0,20827209.0
Nov2024,YES BANK LTD,1167.0,162.0,82119.0,12985328.0
Oct2024,,,,,
Oct2024,,,,,
Oct2024,BANK OF BARODA,8217.0,2256.0,69214.0,135255138.0
Oct2024,BANK OF INDIA,5335.0,2900.0,58490.0,73090438.0
Oct2024,BANK OF MAHARASHTRA,2143.0,238.0,3956.0,35032636.0
Oct2024,CANARA BANK,8298.0,3846.0,557598.0,162057139.0
Oct2024,CENTRAL BANK OF INDIA,2857.0,1144.0,0.0,47239167.0
Oct2024,INDIAN BANK,4607.0,614.0,37791.0,103113836.0
Oct2024,INDIAN OVERSEAS BANK,2763.0,738.0,13393.0,56110997.0
Oct2024,PUNJAB AND SIND BANK,1052.0,28.0,0.0,7985674.0
Oct2024,PUNJAB NATIONAL BANK,7809.0,4212.0,24877.0,146189089.0
Oct2024,STATE BANK OF INDIA,25447.0,37886.0,590521.0,957780419.0
Oct2024,UCO BANK,2246.0,228.0,0.0,33767670.0
Oct2024,UNION BANK OF INDIA,7669.0,2022.0,49311.0,148546194.0
Oct2024,,,,,
Oct2024,AXIS BANK LTD,6441.0,8038.0,404524.0,135316844.0
Oct2024,BANDHAN BANK LTD,433.0,5.0,0.0,15030506.0
Oct2024,CITY UNION BANK LTD.,1166.0,520.0,1675.0,14838934.0
Oct2024,CSB BANK LTD.,726.0,44.0,0.0,2296610.0
Oct2024,DCB BANK LTD,425.0,5.0,5.0,1777316.0
Oct2024,DHANALAKSHMI BANK LTD,241.0,39.0,953.0,1949932.0
Oct2024,FEDERAL BANK LTD,1726.0,321.0,26697.0,41380640.0
Oct2024,HDFC BANK LTD,12222.0,8708.0,1390148.0,263883177.0
Oct2024,ICICI BANK LTD,10050.0,6138.0,361851.0,128635667.0
Oct2024,IDBI BANK LTD,2363.0,876.0,3451.0,30814525.0
Oct2024,IDFC FIRST BANK LTD,905.0,331.0,134854.0,22076134.0
Oct2024,INDUSIND BANK LTD,1899.0,1114.0,132468.0,27330537.0
Oct2024,JAMMU AND KASHMIR BANK LTD,945.0,632.0,44356.0,33557414.0
Oct2024,KARNATAKA BANK LTD,938.0,564.0,0.0,19452416.0
Oct2024,KARUR VYSYA BANK LTD,1478.0,726.0,5814.0,22022958.0
Oct2024,KOTAK MAHINDRA BANK LTD,1852.0,1482.0,146129.0,61469358.0
Oct2024,NAINITAL BANK LTD,0.0,0.0,0.0,400701.0
Oct2024,RBL BANK LTD,371.0,35.0,160162.0,3240317.0
Oct2024,SOUTH INDIAN BANK,911.0,372.0,0.0,14731881.0
Oct2024,TAMILNAD MERCANTILE BANK LTD,507.0,655.0,8712.0,23253671.0
Oct2024,YES BANK LTD,1165.0,161.0,90880.0,13563852.0
Sep2024,,,,,
Sep2024,,,,,
Sep2024,BANK OF BARODA,8107.0,2253.0,62629.0,112190265.0
Sep2024,BANK OF INDIA,5334.0,2900.0,52123.0,62004696.0
Sep2024,BANK OF MAHARASHTRA,2124.0,238.0,3515.0,27221527.0
Sep2024,CANARA BANK,8312.0,3879.0,556903.0,147510497.0
Sep2024,CENTRAL BANK OF INDIA,2857.0,1144.0,0.0,39654284.0
Sep2024,INDIAN BANK,4601.0,616.0,35049.0,92515686.0
Sep2024,INDIAN OVERSEAS BANK,2763.0,737.0,11712.0,50885710.0
Sep2024,PUNJAB AND SIND BANK,1049.0,28.0,0.0,6828675.0
Sep2024,PUNJAB NATIONAL BANK,7801.0,4239.0,21674.0,123898107.0
Sep2024,STATE BANK OF INDIA,24713.0,37988.0,555277.0,813309515.0
Sep2024,UCO BANK,2240.0,231.0,0.0,29471030.0
Sep2024,UNION BANK OF INDIA,7671.0,2020.0,54033.0,128740120.0
Sep2024,,,,,
Sep2024,AXIS BANK LTD,6381.0,8329.0,372639.0,112827017.0
Sep2024,BANDHAN BANK LTD,433.0,5.0,0.0,14217969.0
Sep2024,CITY UNION BANK LTD.,1163.0,519.0,1472.0,13923557.0
Sep2024,CSB BANK LTD.,723.0,47.0,0.0,2192156.0
Sep2024,DCB BANK LTD,423.0,5.0,0.0,1508997.0
Sep2024,DHANALAKSHMI BANK LTD,241.0,39.0,814.0,1954449.0
Sep2024,FEDERAL BANK LTD,1720.0,330.0,25647.0,39750865.0
Sep2024,HDFC BANK LTD,12237.0,8756.0,1297178.0,220389713.0
Sep2024,ICICI BANK LTD,10000.0,6117.0,324877.0,108231021.0
Sep2024,IDBI BANK LTD,2354.0,887.0,3464.0,26001170.0
Sep2024,IDFC FIRST BANK LTD,902.0,331.0,125617.0,18964138.0
Sep2024,INDUSIND BANK LTD,1895.0,1116.0,122492.0,23263946.0
Sep2024,JAMMU AND KASHMIR BANK LTD,948.0,631.0,39697.0,28165019.0
Sep2024,KARNATAKA BANK LTD,937.0,568.0,0.0,17938329.0
Sep2024,KARUR VYSYA BANK LTD,1477.0,731.0,6053.0,20896352.0
Sep2024,KOTAK MAHINDRA BANK LTD,1848.0,1481.0,144785.0,51932311.0
Sep2024,NAINITAL BANK LTD,0.0,0.0,0.0,331878.0
Sep2024,RBL BANK LTD,370.0,36.0,157745.0,2778244.0
Sep2024,SOUTH INDIAN BANK,911.0,374.0,0.0,14362552.0
Sep2024,TAMILNAD MERCANTILE BANK LTD,507.0,655.0,8091.0,21683202.0
Sep2024,YES BANK LTD,1159.0,164.0,87507.0,11509264.0
Aug2024,,,,,
Aug2024,,,,,
Aug2024,BANK OF BARODA,8258.0,2219.0,68998.0,116100857.0
Aug2024,BANK OF INDIA,5330.0,2904.0,54077.0,63972155.0
Aug2024,BANK OF MAHARASHTRA,2115.0,235.0,3994.0,28224845.0
Aug2024,CANARA BANK,8329.0,3886.0,535363.0,153242857.0
Aug2024,CENTRAL BANK OF INDIA,2857.0,1144.0,0.0,40551629.0
Aug2024,INDIAN BANK,4590.0,612.0,37830.0,95594989.0
Aug2024,INDIAN OVERSEAS BANK,2763.0,737.0,11996.0,52329106.0
Aug2024,PUNJAB AND SIND BANK,1044.0,28.0,0.0,6958234.0
Aug2024,PUNJAB NATIONAL BANK,7827.0,4256.0,23594.0,127276881.0
Aug2024,STATE BANK OF INDIA,24233.0,38048.0,585807.0,843961631.0
Aug2024,UCO BANK,2242.0,230.0,0.0,29849550.0
Aug2024,UNION BANK OF INDIA,7672.0,2019.0,53516.0,134686879.0
Aug2024,,,,,
Aug2024,AXIS BANK LTD,6343.0,8422.0,402426.0,117299637.0
Aug2024,BANDHAN BANK LTD,433.0,5.0,0.0,14137307.0
Aug2024,CITY UNION BANK LTD.,1161.0,518.0,1706.0,14323118.0
Aug2024,CSB BANK LTD.,720.0,48.0,0.0,2283819.0
Aug2024,DCB BANK LTD,420.0,5.0,0.0,1519351.0
Aug2024,DHANALAKSHMI BANK LTD,241.0,39.0,930.0,2009857.0
Aug2024,FEDERAL BANK LTD,1715.0,335.0,26055.0,41627413.0
Aug2024,HDFC BANK LTD,12211.0,8820.0,1344007.0,232866241.0
Aug2024,ICICI BANK LTD,9920.0,6153.0,340395.0,116444006.0
Aug2024,IDBI BANK LTD,2344.0,912.0,3103.0,26950307.0
Aug2024,IDFC FIRST BANK LTD,899.0,329.0,133867.0,19828992.0
Aug2024,INDUSIND BANK LTD,1881.0,1126.0,124342.0,23861403.0
Aug2024,JAMMU AND KASHMIR BANK LTD,946.0,630.0,40842.0,28960628.0
Aug2024,KARNATAKA BANK LTD,936.0,568.0,0.0,18760292.0
Aug2024,KARUR VYSYA BANK LTD,1469.0,748.0,5696.0,21383057.0
Aug2024,KOTAK MAHINDRA BANK LTD,1828.0,1480.0,159284.0,54588904.0
Aug2024,NAINITAL BANK LTD,0.0,0.0,0.0,324030.0
Aug2024,RBL BANK LTD,371.0,36.0,172635.0,2910479.0
Aug2024,SOUTH INDIAN BANK,911.0,379.0,0.0,14978364.0
Aug2024,TAMILNAD MERCANTILE BANK LTD,507.0,655.0,8602.0,21855572.0
Aug2024,YES BANK LTD,1151.0,161.0,92305.0,11897024.0
Jul2024,,,,,
Jul2024,,,,,
Jul2024,BANK OF BARODA,8254.0,2291.0,77758.0,114983813.0
Jul2024,BANK OF INDIA,5330.0,2904.0,58483.0,63589471.0
Jul2024,BANK OF MAHARASHTRA,2096.0,230.0,4434.0,26829377.0
Jul2024,CANARA BANK,8331.0,3924.0,535997.0,150829458.0
Jul2024,CENTRAL BANK OF INDIA,2857.0,1144.0,0.0,39463496.0
Jul2024,INDIAN BANK,4554.0,610.0,38826.0,95115194.0
Jul2024,INDIAN OVERSEAS BANK,2765.0,734.0,12807.0,50776579.0
Jul2024,PUNJAB AND SIND BANK,1039.0,28.0,0.0,6863174.0
Jul2024,PUNJAB NATIONAL BANK,7815.0,4289.0,25492.0,126399762.0
Jul2024,STATE BANK OF INDIA,24172.0,38272.0,594987.0,820030055.0
Jul2024,UCO BANK,2242.0,230.0,0.0,30237568.0
Jul2024,UNION BANK OF INDIA,7673.0,2018.0,56673.0,133815920.0
Jul2024,,,,,
Jul2024,AXIS BANK LTD,6323.0,8504.0,404582.0,115741106.0
Jul2024,BANDHAN BANK LTD,433.0,5.0,0.0,13562437.0
Jul2024,CITY UNION BANK LTD.,1154.0,530.0,1354.0,14420477.0
Jul2024,CSB BANK LTD.,715.0,49.0,0.0,2218735.0
Jul2024,DCB BANK LTD,418.0,5.0,0.0,1489725.0
Jul2024,DHANALAKSHMI BANK LTD,241.0,39.0,947.0,1956005.0
Jul2024,FEDERAL BANK LTD,1714.0,332.0,25412.0,40528934.0
Jul2024,HDFC BANK LTD,12162.0,8918.0,1316490.0,226267618.0
Jul2024,ICICI BANK LTD,9929.0,6618.0,334029.0,113140063.0
Jul2024,IDBI BANK LTD,2338.0,936.0,3342.0,26586815.0
Jul2024,IDFC FIRST BANK LTD,899.0,342.0,123519.0,19325089.0
Jul2024,INDUSIND BANK LTD,1875.0,1125.0,129307.0,24759537.0
Jul2024,JAMMU AND KASHMIR BANK LTD,946.0,631.0,39894.0,30192933.0
Jul2024,KARNATAKA BANK LTD,935.0,572.0,0.0,18265107.0
Jul2024,KARUR VYSYA BANK LTD,1467.0,779.0,5393.0,21604280.0
Jul2024,KOTAK MAHINDRA BANK LTD,1811.0,1476.0,166097.0,53422591.0
Jul2024,NAINITAL BANK LTD,0.0,0.0,0.0,331239.0
Jul2024,RBL BANK LTD,364.0,36.0,176123.0,2858606.0
Jul2024,SOUTH INDIAN BANK,911.0,382.0,0.0,14444117.0
Jul2024,TAMILNAD MERCANTILE BANK LTD,505.0,656.0,8560.0,21036514.0
Jul2024,YES BANK LTD,1147.0,163.0,92138.0,12259739.0
Jun2024,,,,,
Jun2024,,,,,
Jun2024,BANK OF BARODA,8040.0,2379.0,83856.0,117026201.0
Jun2024,BANK OF INDIA,5329.0,2904.0,57400.0,63901428.0
Jun2024,BANK OF MAHARASHTRA,2078.0,207.0,4229.0,26437955.0
Jun2024,CANARA BANK,8308.0,3948.0,514056.0,154989327.0
Jun2024,CENTRAL BANK OF INDIA,2857.0,1144.0,0.0,41111810.0
Jun2024,INDIAN BANK,4479.0,614.0,35120.0,95651410.0
Jun2024,INDIAN OVERSEAS BANK,2771.0,733.0,11592.0,51148315.0
Jun2024,PUNJAB AND SIND BANK,1028.0,27.0,0.0,6782665.0
Jun2024,PUNJAB NATIONAL BANK,7775.0,4305.0,26569.0,131299586.0
Jun2024,STATE BANK OF INDIA,24103.0,38430.0,548872.0,839110898.0
Jun2024,UCO BANK,2242.0,227.0,0.0,30009600.0
Jun2024,UNION BANK OF INDIA,7675.0,2016.0,63865.0,135179215.0
Jun2024,,,,,
Jun2024,AXIS BANK LTD,6307.0,8686.0,384223.0,117623369.0
Jun2024,BANDHAN BANK LTD,433.0,5.0,0.0,12600680.0
Jun2024,CITY UNION BANK LTD.,1149.0,530.0,1676.0,14442797.0
Jun2024,CSB BANK LTD.,710.0,47.0,0.0,2156091.0
Jun2024,DCB BANK LTD,413.0,5.0,0.0,1495627.0
Jun2024,DHANALAKSHMI BANK LTD,241.0,39.0,820.0,1953744.0
Jun2024,FEDERAL BANK LTD,1704.0,335.0,22803.0,40546380.0
Jun2024,HDFC BANK LTD,12114.0,9049.0,1315480.0,231632603.0
Jun2024,ICICI BANK LTD,10166.0,6929.0,331795.0,117196080.0
Jun2024,IDBI BANK LTD,2332.0,961.0,2729.0,27094266.0
Jun2024,IDFC FIRST BANK LTD,898.0,318.0,122547.0,19722420.0
Jun2024,INDUSIND BANK LTD,1863.0,1127.0,133111.0,24816134.0
Jun2024,JAMMU AND KASHMIR BANK LTD,947.0,631.0,39786.0,31575202.0
Jun2024,KARNATAKA BANK LTD,931.0,573.0,0.0,18423034.0
Jun2024,KARUR VYSYA BANK LTD,1467.0,786.0,5666.0,21773493.0
Jun2024,KOTAK MAHINDRA BANK LTD,1800.0,1479.0,177275.0,53928117.0
Jun2024,NAINITAL BANK LTD,0.0,0.0,0.0,362521.0
Jun2024,RBL BANK LTD,362.0,36.0,177173.0,2875299.0
Jun2024,SOUTH INDIAN BANK,911.0,387.0,0.0,14421382.0
Jun2024,TAMILNAD MERCANTILE BANK LTD,504.0,658.0,8886.0,21456300.0
Jun2024,YES BANK LTD,1142.0,164.0,91152.0,12065305.0
May2024,,,,,
May2024,,,,,
May2024,BANK OF BARODA,8176.0,2517.0,87328.0,120753592.0
May2024,BANK OF INDIA,5329.0,2900.0,59059.0,65213405.0
May2024,BANK OF MAHARASHTRA,2045.0,161.0,4589.0,26092948.0
May2024,CANARA BANK,8281.0,3958.0,509330.0,155827575.0
May2024,CENTRAL BANK OF INDIA,2857.0,1144.0,0.0,41610041.0
May2024,INDIAN BANK,4440.0,612.0,37399.0,96856465.0
May2024,INDIAN OVERSEAS BANK,2773.0,732.0,12548.0,51544451.0
May2024,PUNJAB AND SIND BANK,1021.0,27.0,0.0,7312667.0
May2024,PUNJAB NATIONAL BANK,7781.0,4309.0,29865.0,135533618.0
May2024,STATE BANK OF INDIA,24235.0,38570.0,578502.0,849079191.0
May2024,UCO BANK,2243.0,228.0,0.0,30782043.0
May2024,UNION BANK OF INDIA,7681.0,2010.0,59028.0,138159768.0
May2024,,,,,
May2024,AXIS BANK LTD,6296.0,8810.0,407758.0,120589541.0
May2024,BANDHAN BANK LTD,433.0,5.0,0.0,12635959.0
May2024,CITY UNION BANK LTD.,1144.0,530.0,1870.0,14550510.0
May2024,CSB BANK LTD.,701.0,48.0,0.0,2220364.0
May2024,DCB BANK LTD,413.0,5.0,0.0,1543549.0
May2024,DHANALAKSHMI BANK LTD,241.0,39.0,832.0,2019848.0
May2024,FEDERAL BANK LTD,1695.0,335.0,19811.0,42483527.0
May2024,HDFC BANK LTD,12062.0,9070.0,1351133.0,239575569.0
May2024,ICICI BANK LTD,10103.0,6957.0,355368.0,120788815.0
May2024,IDBI BANK LTD,2328.0,970.0,2791.0,27950539.0
May2024,IDFC FIRST BANK LTD,894.0,308.0,128038.0,20512513.0
May2024,INDUSIND BANK LTD,1854.0,1133.0,139424.0,24152175.0
May2024,JAMMU AND KASHMIR BANK LTD,943.0,628.0,37698.0,29607393.0
May2024,KARNATAKA BANK LTD,923.0,580.0,0.0,19150164.0
May2024,KARUR VYSYA BANK LTD,1467.0,798.0,6132.0,22098396.0
May2024,KOTAK MAHINDRA BANK LTD,1788.0,1476.0,210507.0,56162567.0
May2024,NAINITAL BANK LTD,0.0,0.0,0.0,387254.0
May2024,RBL BANK LTD,361.0,36.0,174945.0,3009552.0
May2024,SOUTH INDIAN BANK,910.0,407.0,0.0,15049951.0
May2024,TAMILNAD MERCANTILE BANK LTD,503.0,659.0,8850.0,21978979.0
May2024,YES BANK LTD,1145.0,168.0,90508.0,12716157.0
Apr2024,,,,,
Apr2024,,,,,
Apr2024,BANK OF BARODA,8083.0,2631.0,96521.0,125165874.0
Apr2024,BANK OF INDIA,5329.0,2900.0,54595.0,67443079.0
Apr2024,BANK OF MAHARASHTRA,1970.0,85.0,4489.0,26355974.0
Apr2024,CANARA BANK,8217.0,3953.0,485351.0,158401733.0
Apr2024,CENTRAL BANK OF INDIA,2857.0,1144.0,0.0,43634101.0
Apr2024,INDIAN BANK,4383.0,606.0,35367.0,96728777.0
Apr2024,INDIAN OVERSEAS BANK,2773.0,732.0,12192.0,51395640.0
Apr2024,PUNJAB AND SIND BANK,1012.0,26.0,0.0,7258596.0
Apr2024,PUNJAB NATIONAL BANK,7797.0,4306.0,29306.0,136119396.0
Apr2024,STATE BANK OF INDIA,24660.0,38673.0,622346.0,875579264.0
Apr2024,UCO BANK,2249.0,229.0,0.0,31784305.0
Apr2024,UNION BANK OF INDIA,7687.0,2004.0,77297.0,141138883.0
Apr2024,,,,,
Apr2024,AXIS BANK LTD,6284.0,9574.0,436086.0,122995138.0
Apr2024,BANDHAN BANK LTD,433.0,5.0,6.0,12816893.0
Apr2024,CITY UNION BANK LTD.,1147.0,534.0,1708.0,13858321.0
Apr2024,CSB BANK LTD.,692.0,49.0,0.0,2231149.0
Apr2024,DCB BANK LTD,413.0,5.0,0.0,1535370.0
Apr2024,DHANALAKSHMI BANK LTD,240.0,40.0,930.0,2041222.0
Apr2024,FEDERAL BANK LTD,1687.0,336.0,14427.0,42765547.0
Apr2024,HDFC BANK LTD,11904.0,9114.0,1375011.0,241824146.0
Apr2024,ICICI BANK LTD,10068.0,7100.0,370288.0,122356484.0
Apr2024,IDBI BANK LTD,2326.0,982.0,2691.0,28728002.0
Apr2024,IDFC FIRST BANK LTD,883.0,308.0,127469.0,20829166.0
Apr2024,INDUSIND BANK LTD,1838.0,1138.0,152375.0,26162593.0
Apr2024,JAMMU AND KASHMIR BANK LTD,942.0,627.0,38331.0,31985273.0
Apr2024,KARNATAKA BANK LTD,918.0,579.0,0.0,19136713.0
Apr2024,KARUR VYSYA BANK LTD,1469.0,801.0,4973.0,21387536.0
Apr2024,KOTAK MAHINDRA BANK LTD,1770.0,1480.0,229505.0,57756048.0
Apr2024,NAINITAL BANK LTD,0.0,0.0,0.0,383497.0
Apr2024,RBL BANK LTD,360.0,36.0,196976.0,3146324.0
Apr2024,SOUTH INDIAN BANK,910.0,410.0,0.0,14922092.0
Apr2024,TAMILNAD MERCANTILE BANK LTD,502.0,659.0,7980.0,20826095.0
Apr2024,YES BANK LTD,1130.0,167.0,101903.0,13372970.0
Mar2024,,,,,
Mar2024,,,,,
Mar2024,BANK OF BARODA,8417.0,2634.0,92331.0,130795684.0
Mar2024,BANK OF INDIA,5329.0,2900.0,59590.0,70581901.0
Mar2024,BANK OF MAHARASHTRA,1865.0,36.0,4569.0,28150462.0
Mar2024,CANARA BANK,8198.0,3958.0,539242.0,165926172.0
Mar2024,CENTRAL BANK OF INDIA,2857.0,1144.0,0.0,45426998.0
Mar2024,INDIAN BANK,4336.0,601.0,36743.0,101754560.0
Mar2024,INDIAN OVERSEAS BANK,2774.0,731.0,12353.0,53898892.0
Mar2024,PUNJAB AND SIND BANK,1009.0,26.0,0.0,7528994.0
Mar2024,PUNJAB NATIONAL BANK,7794.0,4337.0,29930.0,148356463.0
Mar2024,STATE BANK OF INDIA,24513.0,39067.0,584020.0,889019427.0
Mar2024,UCO BANK,2249.0,228.0,0.0,32960163.0
Mar2024,UNION BANK OF INDIA,7692.0,1999.0,98683.0,148684435.0
Mar2024,,,,,
Mar2024,AXIS BANK LTD,6244.0,9760.0,389415.0,131400142.0
Mar2024,BANDHAN BANK LTD,433.0,5.0,22.0,13832656.0
Mar2024,CITY UNION BANK LTD.,1140.0,537.0,1442.0,14724195.0
Mar2024,CSB BANK LTD.,683.0,48.0,0.0,2334379.0
Mar2024,DCB BANK LTD,413.0,5.0,0.0,1653904.0
Mar2024,DHANALAKSHMI BANK LTD,239.0,41.0,857.0,2133077.0
Mar2024,FEDERAL BANK LTD,1678.0,335.0,21739.0,44110977.0
Mar2024,HDFC BANK LTD,11649.0,9289.0,1309383.0,258117875.0
Mar2024,ICICI BANK LTD,9994.0,7189.0,351161.0,132751615.0
Mar2024,IDBI BANK LTD,2317.0,986.0,2608.0,30686691.0
Mar2024,IDFC FIRST BANK LTD,853.0,311.0,130186.0,21988524.0
Mar2024,INDUSIND BANK LTD,1820.0,1136.0,150134.0,28828321.0
Mar2024,JAMMU AND KASHMIR BANK LTD,943.0,626.0,40717.0,29828709.0
Mar2024,KARNATAKA BANK LTD,916.0,579.0,0.0,20038759.0
Mar2024,KARUR VYSYA BANK LTD,1463.0,799.0,6453.0,22483637.0
Mar2024,KOTAK MAHINDRA BANK LTD,1766.0,1525.0,217466.0,61076644.0
Mar2024,NAINITAL BANK LTD,0.0,0.0,0.0,396266.0
Mar2024,RBL BANK LTD,359.0,36.0,186381.0,3645841.0
Mar2024,SOUTH INDIAN BANK,909.0,412.0,0.0,15353274.0
Mar2024,TAMILNAD MERCANTILE BANK LTD,498.0,660.0,9877.0,21811906.0
Mar2024,YES BANK LTD,1121.0,167.0,92123.0,13726794.0
Feb2024,,,,,
Feb2024,,,,,
Feb2024,BANK OF BARODA,8397.0,2634.0,76706.0,120198063.0
Feb2024,BANK OF INDIA,5329.0,2899.0,60171.0,64563494.0
Feb2024,BANK OF MAHARASHTRA,2006.0,160.0,4031.0,25817715.0
Feb2024,CANARA BANK,8170.0,3969.0,503233.0,148855450.0
Feb2024,CENTRAL BANK OF INDIA,2857.0,1144.0,0.0,41450403.0
Feb2024,INDIAN BANK,4320.0,597.0,36482.0,94032731.0
Feb2024,INDIAN OVERSEAS BANK,2774.0,731.0,11971.0,49910930.0
Feb2024,PUNJAB AND SIND BANK,994.0,26.0,0.0,7080792.0
Feb2024,PUNJAB NATIONAL BANK,7797.0,4347.0,27087.0,133766431.0
Feb2024,STATE BANK OF INDIA,24990.0,39157.0,503677.0,836342542.0
Feb2024,UCO BANK,2247.0,228.0,0.0,30628846.0
Feb2024,UNION BANK OF INDIA,7696.0,1995.0,113493.0,138047160.0
Feb2024,,,,,
Feb2024,AXIS BANK LTD,6198.0,9783.0,353088.0,121265330.0
Feb2024,BANDHAN BANK LTD,433.0,5.0,0.0,12574959.0
Feb2024,CITY UNION BANK LTD.,1136.0,538.0,1740.0,13882729.0
Feb2024,CSB BANK LTD.,641.0,50.0,0.0,2139247.0
Feb2024,DCB BANK LTD,412.0,5.0,0.0,1474740.0
Feb2024,DHANALAKSHMI BANK LTD,239.0,41.0,643.0,1961249.0
Feb2024,FEDERAL BANK LTD,1652.0,333.0,20983.0,41063696.0
Feb2024,HDFC BANK LTD,11474.0,9286.0,1169586.0,234773830.0
Feb2024,ICICI BANK LTD,9926.0,7183.0,274033.0,121840224.0
Feb2024,IDBI BANK LTD,2309.0,1000.0,2261.0,28187160.0
Feb2024,IDFC FIRST BANK LTD,851.0,311.0,115212.0,20132127.0
Feb2024,INDUSIND BANK LTD,1805.0,1159.0,126962.0,28076080.0
Feb2024,JAMMU AND KASHMIR BANK LTD,939.0,626.0,39403.0,27937973.0
Feb2024,KARNATAKA BANK LTD,914.0,580.0,0.0,18521912.0
Feb2024,KARUR VYSYA BANK LTD,1454.0,800.0,6147.0,21025633.0
Feb2024,KOTAK MAHINDRA BANK LTD,1759.0,1507.0,183680.0,53724168.0
Feb2024,NAINITAL BANK LTD,0.0,0.0,0.0,347658.0
Feb2024,RBL BANK LTD,360.0,36.0,154938.0,4213991.0
Feb2024,SOUTH INDIAN BANK,905.0,417.0,0.0,14049809.0
Feb2024,TAMILNAD MERCANTILE BANK LTD,496.0,661.0,8602.0,20428543.0
Feb2024,YES BANK LTD,1119.0,168.0,79524.0,12709600.0
Jan2024,,,,,
Jan2024,,,,,
Jan2024,BANK OF BARODA,8407.0,2621.0,73367.0,119878790.0
Jan2024,BANK OF INDIA,5328.0,2900.0,61194.0,65713449.0
Jan2024,BANK OF MAHARASHTRA,1977.0,300.0,4342.0,26622911.0
Jan2024,CANARA BANK,8131.0,3960.0,508696.0,156296217.0
Jan2024,CENTRAL BANK OF INDIA,2857.0,1058.0,0.0,40814216.0
Jan2024,INDIAN BANK,4310.0,599.0,31526.0,92816483.0
Jan2024,INDIAN OVERSEAS BANK,2774.0,732.0,11919.0,49419386.0
Jan2024,PUNJAB AND SIND BANK,949.0,26.0,0.0,7169832.0
Jan2024,PUNJAB NATIONAL BANK,7860.0,4385.0,28832.0,129046011.0
Jan2024,STATE BANK OF INDIA,25232.0,39236.0,535187.0,851007887.0
Jan2024,UCO BANK,2251.0,227.0,0.0,30700033.0
Jan2024,UNION BANK OF INDIA,7827.0,2226.0,133368.0,140904930.0
Jan2024,,,,,
Jan2024,AXIS BANK LTD,6168.0,9780.0,376875.0,121966706.0
Jan2024,BANDHAN BANK LTD,433.0,5.0,0.0,12687289.0
Jan2024,CITY UNION BANK LTD.,1123.0,541.0,1643.0,13211732.0
Jan2024,CSB BANK LTD.,594.0,51.0,0.0,2256821.0
Jan2024,DCB BANK LTD,412.0,5.0,0.0,1485635.0
Jan2024,DHANALAKSHMI BANK LTD,239.0,41.0,880.0,2038173.0
Jan2024,FEDERAL BANK LTD,1639.0,330.0,20212.0,43363684.0
Jan2024,HDFC BANK LTD,11395.0,9293.0,1177087.0,240989156.0
Jan2024,ICICI BANK LTD,9883.0,7166.0,275630.0,123528345.0
Jan2024,IDBI BANK LTD,2299.0,1023.0,2339.0,28558693.0
Jan2024,IDFC FIRST BANK LTD,838.0,312.0,113433.0,20190467.0
Jan2024,INDUSIND BANK LTD,1799.0,1155.0,131038.0,27578601.0
Jan2024,JAMMU AND KASHMIR BANK LTD,937.0,626.0,39047.0,28999640.0
Jan2024,KARNATAKA BANK LTD,903.0,582.0,0.0,18957718.0
Jan2024,KARUR VYSYA BANK LTD,1450.0,803.0,6163.0,21431040.0
Jan2024,KOTAK MAHINDRA BANK LTD,1735.0,1515.0,177792.0,55017117.0
Jan2024,NAINITAL BANK LTD,0.0,0.0,0.0,337606.0
Jan2024,RBL BANK LTD,352.0,37.0,156444.0,3900706.0
Jan2024,SOUTH INDIAN BANK,904.0,417.0,0.0,14776745.0
Jan2024,TAMILNAD MERCANTILE BANK LTD,494.0,661.0,8200.0,19997416.0
Jan2024,YES BANK LTD,1117.0,168.0,83328.0,13073942.0
Dec2023,,,,,
Dec2023,,,,,
Dec2023,BANK OF BARODA,8422.0,2608.0,83631.0,119582986.0
Dec2023,BANK OF INDIA,5327.0,2901.0,61479.0,68012074.0
Dec2023,BANK OF MAHARASHTRA,1973.0,352.0,4286.0,26625078.0
Dec2023,CANARA BANK,8125.0,3995.0,496391.0,159020573.0
Dec2023,CENTRAL BANK OF INDIA,2857.0,1005.0,0.0,41286695.0
Dec2023,INDIAN BANK,4300.0,599.0,31926.0,97297543.0
Dec2023,INDIAN OVERSEAS BANK,2784.0,731.0,12964.0,50405659.0
Dec2023,PUNJAB AND SIND BANK,913.0,26.0,0.0,7426100.0
Dec2023,PUNJAB NATIONAL BANK,8015.0,4440.0,25623.0,138735950.0
Dec2023,STATE BANK OF INDIA,25416.0,39307.0,526635.0,881588114.0
Dec2023,UCO BANK,2249.0,225.0,0.0,31256062.0
Dec2023,UNION BANK OF INDIA,7830.0,2247.0,118241.0,142069846.0
Dec2023,,,,,
Dec2023,AXIS BANK LTD,6113.0,9793.0,365047.0,126223004.0
Dec2023,BANDHAN BANK LTD,433.0,5.0,0.0,12840987.0
Dec2023,CITY UNION BANK LTD.,1126.0,539.0,2153.0,13264503.0
Dec2023,CSB BANK LTD.,519.0,51.0,0.0,2281126.0
Dec2023,DCB BANK LTD,411.0,5.0,0.0,1463576.0
Dec2023,DHANALAKSHMI BANK LTD,237.0,41.0,811.0,1973234.0
Dec2023,FEDERAL BANK LTD,1634.0,326.0,20307.0,43668001.0
Dec2023,HDFC BANK LTD,11301.0,9387.0,1202935.0,253688744.0
Dec2023,ICICI BANK LTD,9866.0,7164.0,280220.0,132448243.0
Dec2023,IDBI BANK LTD,2284.0,1038.0,2182.0,28896951.0
Dec2023,IDFC FIRST BANK LTD,824.0,312.0,115229.0,21175150.0
Dec2023,INDUSIND BANK LTD,1790.0,1149.0,139832.0,27088691.0
Dec2023,JAMMU AND KASHMIR BANK LTD,936.0,627.0,38003.0,31297462.0
Dec2023,KARNATAKA BANK LTD,900.0,582.0,0.0,17935409.0
Dec2023,KARUR VYSYA BANK LTD,1444.0,807.0,6242.0,21728333.0
Dec2023,KOTAK MAHINDRA BANK LTD,1724.0,1515.0,185361.0,56367090.0
Dec2023,NAINITAL BANK LTD,0.0,0.0,0.0,371760.0
Dec2023,RBL BANK LTD,351.0,37.0,157498.0,3683967.0
Dec2023,SOUTH INDIAN BANK,897.0,418.0,0.0,14858398.0
Dec2023,TAMILNAD MERCANTILE BANK LTD,493.0,662.0,7914.0,20730797.0
Dec2023,YES BANK LTD,1114.0,169.0,85083.0,13394867.0
Nov2023,,,,,
Nov2023,,,,,
Nov2023,BANK OF BARODA,8444.0,2564.0,78886.0,124180193.0
Nov2023,BANK OF INDIA,5327.0,2901.0,57664.0,70626117.0
Nov2023,BANK OF MAHARASHTRA,1995.0,361.0,3998.0,27575903.0
Nov2023,CANARA BANK,8140.0,4026.0,455536.0,160629105.0
Nov2023,CENTRAL BANK OF INDIA,2857.0,964.0,0.0,43198989.0
Nov2023,INDIAN BANK,4296.0,590.0,27960.0,99714323.0
Nov2023,INDIAN OVERSEAS BANK,2787.0,730.0,12362.0,51229665.0
Nov2023,PUNJAB AND SIND BANK,899.0,26.0,0.0,7649055.0
Nov2023,PUNJAB NATIONAL BANK,8138.0,4467.0,22376.0,142590538.0
Nov2023,STATE BANK OF INDIA,25545.0,39338.0,515499.0,921203946.0
Nov2023,UCO BANK,2245.0,227.0,0.0,32051792.0
Nov2023,UNION BANK OF INDIA,7838.0,2239.0,124271.0,142928650.0
Nov2023,,,,,
Nov2023,AXIS BANK LTD,6065.0,9817.0,377430.0,128323884.0
Nov2023,BANDHAN BANK LTD,433.0,5.0,0.0,12341945.0
Nov2023,CITY UNION BANK LTD.,1114.0,540.0,2328.0,13971753.0
Nov2023,CSB BANK LTD.,498.0,51.0,0.0,2238241.0
Nov2023,DCB BANK LTD,411.0,5.0,0.0,1462920.0
Nov2023,DHANALAKSHMI BANK LTD,235.0,41.0,766.0,2014961.0
Nov2023,FEDERAL BANK LTD,1626.0,303.0,18238.0,41686100.0
Nov2023,HDFC BANK LTD,11237.0,9451.0,1157356.0,258865444.0
Nov2023,ICICI BANK LTD,9794.0,7165.0,282625.0,134335096.0
Nov2023,IDBI BANK LTD,2273.0,1040.0,2233.0,30100026.0
Nov2023,IDFC FIRST BANK LTD,813.0,311.0,108225.0,21340872.0
Nov2023,INDUSIND BANK LTD,1779.0,1153.0,130722.0,28598236.0
Nov2023,JAMMU AND KASHMIR BANK LTD,932.0,629.0,33468.0,30963966.0
Nov2023,KARNATAKA BANK LTD,900.0,585.0,0.0,18407948.0
Nov2023,KARUR VYSYA BANK LTD,1447.0,810.0,6449.0,21934842.0
Nov2023,KOTAK MAHINDRA BANK LTD,1700.0,1497.0,175477.0,57813411.0
Nov2023,NAINITAL BANK LTD,0.0,0.0,0.0,395579.0
Nov2023,RBL BANK LTD,371.0,37.0,150050.0,3545314.0
Nov2023,SOUTH INDIAN BANK,893.0,419.0,0.0,14112625.0
Nov2023,TAMILNAD MERCANTILE BANK LTD,491.0,662.0,7828.0,21387564.0
Nov2023,YES BANK LTD,1112.0,169.0,85347.0,14669393.0
Oct2023,,,,,
Oct2023,,,,,
Oct2023,BANK OF BARODA,8445.0,2414.0,81689.0,123224871.0
Oct2023,BANK OF INDIA,5327.0,2901.0,60658.0,69963131.0
Oct2023,BANK OF MAHARASHTRA,1887.0,366.0,4944.0,26556446.0
Oct2023,CANARA BANK,8114.0,4043.0,506397.0,159184377.0
Oct2023,CENTRAL BANK OF INDIA,2857.0,964.0,0.0,42870721.0
Oct2023,INDIAN BANK,4282.0,595.0,27031.0,101492209.0
Oct2023,INDIAN OVERSEAS BANK,2787.0,728.0,13161.0,50731084.0
Oct2023,PUNJAB AND SIND BANK,899.0,26.0,0.0,7191910.0
Oct2023,PUNJAB NATIONAL BANK,8152.0,4482.0,16332.0,141247901.0
Oct2023,STATE BANK OF INDIA,25629.0,39389.0,530942.0,936941000.0
Oct2023,UCO BANK,2250.0,233.0,0.0,32976352.0
Oct2023,UNION BANK OF INDIA,7847.0,2230.0,119432.0,143268863.0
Oct2023,,,,,
Oct2023,AXIS BANK LTD,6021.0,9839.0,383181.0,127729346.0
Oct2023,BANDHAN BANK LTD,433.0,5.0,0.0,12557145.0
Oct2023,CITY UNION BANK LTD.,1115.0,541.0,1705.0,14412538.0
Oct2023,CSB BANK LTD.,497.0,50.0,0.0,2275220.0
Oct2023,DCB BANK LTD,410.0,5.0,0.0,1512621.0
Oct2023,DHANALAKSHMI BANK LTD,233.0,42.0,752.0,2020607.0
Oct2023,FEDERAL BANK LTD,1613.0,281.0,17741.0,41962879.0
Oct2023,HDFC BANK LTD,11166.0,9505.0,1226441.0,255743975.0
Oct2023,ICICI BANK LTD,9753.0,7177.0,295560.0,133180115.0
Oct2023,IDBI BANK LTD,2268.0,1049.0,2391.0,29898116.0
Oct2023,IDFC FIRST BANK LTD,803.0,304.0,117952.0,20785658.0
Oct2023,INDUSIND BANK LTD,1764.0,1153.0,138679.0,30478539.0
Oct2023,JAMMU AND KASHMIR BANK LTD,930.0,628.0,37370.0,31262530.0
Oct2023,KARNATAKA BANK LTD,899.0,587.0,0.0,18685268.0
Oct2023,KARUR VYSYA BANK LTD,1436.0,813.0,5906.0,22605166.0
Oct2023,KOTAK MAHINDRA BANK LTD,1695.0,1497.0,194247.0,58157054.0
Oct2023,NAINITAL BANK LTD,0.0,0.0,0.0,418920.0
Oct2023,RBL BANK LTD,371.0,37.0,159403.0,3342814.0
Oct2023,SOUTH INDIAN BANK,892.0,420.0,0.0,14140482.0
Oct2023,TAMILNAD MERCANTILE BANK LTD,490.0,663.0,8376.0,21432462.0
Oct2023,YES BANK LTD,1126.0,171.0,93257.0,13726191.0
Sep2023,,,,,
Sep2023,,,,,
Sep2023,BANK OF BARODA,8375.0,2192.0,78148.0,116494715.0
Sep2023,BANK OF INDIA,5327.0,2901.0,53869.0,64977360.0
Sep2023,BANK OF MAHARASHTRA,1979.0,412.0,4114.0,25344237.0
Sep2023,CANARA BANK,8079.0,4038.0,464085.0,151889634.0
Sep2023,CENTRAL BANK OF INDIA,2857.0,949.0,0.0,39298944.0
Sep2023,INDIAN BANK,4274.0,592.0,22857.0,96932512.0
Sep2023,INDIAN OVERSEAS BANK,2785.0,729.0,11985.0,48727944.0
Sep2023,PUNJAB AND SIND BANK,894.0,26.0,0.0,7170502.0
Sep2023,PUNJAB NATIONAL BANK,8155.0,4490.0,16178.0,129606781.0
Sep2023,STATE BANK OF INDIA,25736.0,39424.0,487186.0,872254987.0
Sep2023,UCO BANK,2242.0,229.0,0.0,30155211.0
Sep2023,UNION BANK OF INDIA,7861.0,2216.0,109435.0,132642059.0
Sep2023,,,,,
Sep2023,AXIS BANK LTD,5940.0,9841.0,355863.0,118757739.0
Sep2023,BANDHAN BANK LTD,433.0,5.0,0.0,12561275.0
Sep2023,CITY UNION BANK LTD.,1116.0,546.0,1822.0,14281381.0
Sep2023,CSB BANK LTD.,494.0,51.0,0.0,2235607.0
Sep2023,DCB BANK LTD,409.0,5.0,0.0,1391677.0
Sep2023,DHANALAKSHMI BANK LTD,232.0,42.0,688.0,1958841.0
Sep2023,FEDERAL BANK LTD,1601.0,334.0,16714.0,41033330.0
Sep2023,HDFC BANK LTD,11058.0,9538.0,1141897.0,241666187.0
Sep2023,ICICI BANK LTD,9500.0,7201.0,239054.0,128940528.0
Sep2023,IDBI BANK LTD,2261.0,1060.0,1999.0,27999870.0
Sep2023,IDFC FIRST BANK LTD,783.0,328.0,104125.0,19431996.0
Sep2023,INDUSIND BANK LTD,1749.0,1154.0,132240.0,26674512.0
Sep2023,JAMMU AND KASHMIR BANK LTD,923.0,628.0,36908.0,29538221.0
Sep2023,KARNATAKA BANK LTD,893.0,587.0,0.0,18200474.0
Sep2023,KARUR VYSYA BANK LTD,1429.0,815.0,6361.0,20161007.0
Sep2023,KOTAK MAHINDRA BANK LTD,1678.0,1492.0,187958.0,53543301.0
Sep2023,NAINITAL BANK LTD,0.0,0.0,0.0,383201.0
Sep2023,RBL BANK LTD,371.0,37.0,149785.0,3097543.0
Sep2023,SOUTH INDIAN BANK,890.0,420.0,0.0,13314015.0
Sep2023,TAMILNAD MERCANTILE BANK LTD,490.0,663.0,8159.0,21272936.0
Sep2023,YES BANK LTD,1159.0,171.0,88409.0,12606991.0
Aug2023,,,,,
Aug2023,,,,,
Aug2023,BANK OF BARODA,8433.0,2182.0,50232.0,124429975.0
Aug2023,BANK OF INDIA,5327.0,2901.0,62307.0,68496360.0
Aug2023,BANK OF MAHARASHTRA,1965.0,416.0,4408.0,26788016.0
Aug2023,CANARA BANK,8075.0,4033.0,422337.0,156576120.0
Aug2023,CENTRAL BANK OF INDIA,2687.0,912.0,0.0,40349806.0
Aug2023,INDIAN BANK,4265.0,585.0,22745.0,99168742.0
Aug2023,INDIAN OVERSEAS BANK,2788.0,726.0,11884.0,50151380.0
Aug2023,PUNJAB AND SIND BANK,891.0,26.0,0.0,7498099.0
Aug2023,PUNJAB NATIONAL BANK,8147.0,4511.0,17406.0,135829424.0
Aug2023,STATE BANK OF INDIA,25809.0,39483.0,478370.0,919507245.0
Aug2023,UCO BANK,2216.0,226.0,0.0,30924915.0
Aug2023,UNION BANK OF INDIA,7840.0,2214.0,99129.0,139946069.0
Aug2023,,,,,
Aug2023,AXIS BANK LTD,5881.0,9844.0,375751.0,124352380.0
Aug2023,BANDHAN BANK LTD,433.0,5.0,0.0,12701190.0
Aug2023,CITY UNION BANK LTD.,1118.0,548.0,1868.0,14813000.0
Aug2023,CSB BANK LTD.,492.0,51.0,0.0,2444498.0
Aug2023,DCB BANK LTD,408.0,5.0,0.0,1459817.0
Aug2023,DHANALAKSHMI BANK LTD,232.0,42.0,688.0,2226540.0
Aug2023,FEDERAL BANK LTD,1583.0,334.0,17598.0,45029343.0
Aug2023,HDFC BANK LTD,10929.0,9636.0,1181127.0,251455612.0
Aug2023,ICICI BANK LTD,9485.0,7259.0,252792.0,136084715.0
Aug2023,IDBI BANK LTD,2259.0,1068.0,2076.0,29810231.0
Aug2023,IDFC FIRST BANK LTD,773.0,324.0,107293.0,19710011.0
Aug2023,INDUSIND BANK LTD,1735.0,1166.0,140845.0,26436387.0
Aug2023,JAMMU AND KASHMIR BANK LTD,920.0,625.0,37200.0,30159462.0
Aug2023,KARNATAKA BANK LTD,892.0,585.0,0.0,18973668.0
Aug2023,KARUR VYSYA BANK LTD,1428.0,826.0,6762.0,23271717.0
Aug2023,KOTAK MAHINDRA BANK LTD,1653.0,1469.0,195031.0,55436041.0
Aug2023,NAINITAL BANK LTD,0.0,0.0,0.0,426289.0
Aug2023,RBL BANK LTD,371.0,37.0,156174.0,3221733.0
Aug2023,SOUTH INDIAN BANK,888.0,417.0,0.0,14695533.0
Aug2023,TAMILNAD MERCANTILE BANK LTD,489.0,663.0,8928.0,21593302.0
Aug2023,YES BANK LTD,1158.0,169.0,95650.0,13322806.0
Jul2023,,,,,
Jul2023,,,,,
Jul2023,BANK OF BARODA,8440.0,2088.0,41891.0,120381811.0
Jul2023,BANK OF INDIA,5327.0,2901.0,58028.0,66847676.0
Jul2023,BANK OF MAHARASHTRA,1957.0,416.0,4268.0,26243462.0
Jul2023,CANARA BANK,8103.0,4020.0,361758.0,144789866.0
Jul2023,CENTRAL BANK OF INDIA,2609.0,740.0,0.0,39731861.0
Jul2023,INDIAN BANK,4237.0,582.0,22071.0,98191570.0
Jul2023,INDIAN OVERSEAS BANK,2787.0,720.0,11165.0,49380903.0
Jul2023,PUNJAB AND SIND BANK,882.0,25.0,0.0,7134696.0
Jul2023,PUNJAB NATIONAL BANK,8133.0,4537.0,15242.0,131097199.0
Jul2023,STATE BANK OF INDIA,25788.0,39573.0,445021.0,924991260.0
Jul2023,UCO BANK,2190.0,226.0,0.0,30200792.0
Jul2023,UNION BANK OF INDIA,7183.0,2256.0,79225.0,151361220.0
Jul2023,,,,,
Jul2023,AXIS BANK LTD,5863.0,9904.0,348602.0,121833553.0
Jul2023,BANDHAN BANK LTD,433.0,5.0,0.0,13168210.0
Jul2023,CITY UNION BANK LTD.,1123.0,553.0,1544.0,14703178.0
Jul2023,CSB BANK LTD.,489.0,52.0,0.0,2315549.0
Jul2023,DCB BANK LTD,406.0,5.0,0.0,1390737.0
Jul2023,DHANALAKSHMI BANK LTD,232.0,42.0,738.0,2045509.0
Jul2023,FEDERAL BANK LTD,1579.0,334.0,17643.0,42613511.0
Jul2023,HDFC BANK LTD,10862.0,9600.0,1131024.0,242140173.0
Jul2023,ICICI BANK LTD,9418.0,7395.0,236050.0,132705282.0
Jul2023,IDBI BANK LTD,2258.0,1070.0,2099.0,28988874.0
Jul2023,IDFC FIRST BANK LTD,767.0,318.0,99208.0,19704688.0
Jul2023,INDUSIND BANK LTD,1717.0,1168.0,137774.0,25315974.0
Jul2023,JAMMU AND KASHMIR BANK LTD,914.0,624.0,34109.0,28502615.0
Jul2023,KARNATAKA BANK LTD,890.0,584.0,0.0,18629871.0
Jul2023,KARUR VYSYA BANK LTD,1411.0,824.0,6972.0,23185482.0
Jul2023,KOTAK MAHINDRA BANK LTD,1647.0,1465.0,188344.0,52914797.0
Jul2023,NAINITAL BANK LTD,0.0,0.0,0.0,406041.0
Jul2023,RBL BANK LTD,371.0,38.0,149753.0,3078047.0
Jul2023,SOUTH INDIAN BANK,885.0,415.0,0.0,13825981.0
Jul2023,TAMILNAD MERCANTILE BANK LTD,488.0,663.0,8829.0,22226464.0
Jul2023,YES BANK LTD,1151.0,160.0,91941.0,12768387.0
Jun2023,,,,,
Jun2023,,,,,
Jun2023,BANK OF BARODA,8424.0,2035.0,42850.0,124247042.0
Jun2023,BANK OF INDIA,5326.0,2899.0,56068.0,68465836.0
Jun2023,BANK OF MAHARASHTRA,1946.0,417.0,4073.0,26914032.0
Jun2023,CANARA BANK,8100.0,4016.0,349627.0,153662609.0
Jun2023,CENTRAL BANK OF INDIA,2609.0,668.0,0.0,40882536.0
Jun2023,INDIAN BANK,4217.0,587.0,20580.0,98607927.0
Jun2023,INDIAN OVERSEAS BANK,2776.0,718.0,11327.0,49318216.0
Jun2023,PUNJAB AND SIND BANK,872.0,24.0,0.0,7299487.0
Jun2023,PUNJAB NATIONAL BANK,8134.0,4686.0,14703.0,135576190.0
Jun2023,STATE BANK OF INDIA,25899.0,39575.0,433621.0,927321499.0
Jun2023,UCO BANK,2188.0,223.0,0.0,30498834.0
Jun2023,UNION BANK OF INDIA,8021.0,3210.0,71886.0,141889176.0
Jun2023,,,,,
Jun2023,AXIS BANK LTD,5839.0,9933.0,336706.0,130083934.0
Jun2023,BANDHAN BANK LTD,433.0,5.0,0.0,12861203.0
Jun2023,CITY UNION BANK LTD.,1119.0,552.0,1233.0,14565586.0
Jun2023,CSB BANK LTD.,487.0,53.0,0.0,2352503.0
Jun2023,DCB BANK LTD,404.0,5.0,0.0,1521957.0
Jun2023,DHANALAKSHMI BANK LTD,231.0,42.0,704.0,2059586.0
Jun2023,FEDERAL BANK LTD,1576.0,342.0,15944.0,43548824.0
Jun2023,HDFC BANK LTD,10784.0,9568.0,1131491.0,247754798.0
Jun2023,ICICI BANK LTD,9318.0,7405.0,240538.0,137241144.0
Jun2023,IDBI BANK LTD,2255.0,1075.0,1810.0,30387257.0
Jun2023,IDFC FIRST BANK LTD,760.0,309.0,96988.0,20230545.0
Jun2023,INDUSIND BANK LTD,1707.0,1168.0,138056.0,26186963.0
Jun2023,JAMMU AND KASHMIR BANK LTD,913.0,622.0,34735.0,34456556.0
Jun2023,KARNATAKA BANK LTD,889.0,586.0,0.0,19075881.0
Jun2023,KARUR VYSYA BANK LTD,1410.0,830.0,6327.0,23334650.0
Jun2023,KOTAK MAHINDRA BANK LTD,1611.0,1436.0,190730.0,55395851.0
Jun2023,NAINITAL BANK LTD,0.0,0.0,0.0,423547.0
Jun2023,RBL BANK LTD,375.0,39.0,145016.0,3172981.0
Jun2023,SOUTH INDIAN BANK,884.0,412.0,0.0,14144639.0
Jun2023,TAMILNAD MERCANTILE BANK LTD,483.0,667.0,9232.0,22548645.0
Jun2023,YES BANK LTD,1144.0,165.0,91020.0,13341969.0
May2023,,,,,
May2023,,,,,
May2023,BANK OF BARODA,8524.0,2353.0,46213.0,128611995.0
May2023,BANK OF INDIA,5323.0,2895.0,58460.0,70281546.0
May2023,BANK OF MAHARASHTRA,1930.0,417.0,4122.0,28014434.0
May2023,CANARA BANK,8099.0,4017.0,330111.0,156120350.0
May2023,CENTRAL BANK OF INDIA,2609.0,537.0,0.0,42779443.0
May2023,INDIAN BANK,4159.0,577.0,21435.0,99287693.0
May2023,INDIAN OVERSEAS BANK,2764.0,717.0,11856.0,49602050.0
May2023,PUNJAB AND SIND BANK,863.0,22.0,0.0,7534452.0
May2023,PUNJAB NATIONAL BANK,8150.0,4688.0,16252.0,136098592.0
May2023,STATE BANK OF INDIA,25576.0,39961.0,456674.0,949424789.0
May2023,UCO BANK,2200.0,227.0,0.0,31883368.0
May2023,UNION BANK OF INDIA,8023.0,3209.0,71782.0,144859955.0
May2023,,,,,
May2023,AXIS BANK LTD,5821.0,10000.0,365072.0,131191486.0
May2023,BANDHAN BANK LTD,433.0,5.0,0.0,13279931.0
May2023,CITY UNION BANK LTD.,1123.0,551.0,1568.0,14755217.0
May2023,CSB BANK LTD.,481.0,55.0,0.0,2425256.0
May2023,DCB BANK LTD,399.0,5.0,0.0,1532679.0
May2023,DHANALAKSHMI BANK LTD,230.0,41.0,756.0,2137004.0
May2023,FEDERAL BANK LTD,1568.0,347.0,15609.0,45119725.0
May2023,HDFC BANK LTD,10733.0,9514.0,1203154.0,255405078.0
May2023,ICICI BANK LTD,9190.0,7426.0,256743.0,141430664.0
May2023,IDBI BANK LTD,2249.0,1078.0,2503.0,31215381.0
May2023,IDFC FIRST BANK LTD,740.0,304.0,97821.0,20054857.0
May2023,INDUSIND BANK LTD,1701.0,1171.0,144233.0,25676639.0
May2023,JAMMU AND KASHMIR BANK LTD,900.0,624.0,34176.0,31126423.0
May2023,KARNATAKA BANK LTD,888.0,586.0,0.0,19199847.0
May2023,KARUR VYSYA BANK LTD,1395.0,834.0,5988.0,23855983.0
May2023,KOTAK MAHINDRA BANK LTD,1564.0,1416.0,187328.0,54943394.0
May2023,NAINITAL BANK LTD,0.0,0.0,0.0,430037.0
May2023,RBL BANK LTD,374.0,39.0,146831.0,3271489.0
May2023,SOUTH INDIAN BANK,884.0,413.0,0.0,14699235.0
May2023,TAMILNAD MERCANTILE BANK LTD,482.0,668.0,9459.0,23072749.0
May2023,YES BANK LTD,1132.0,177.0,98074.0,12175973.0
Apr2023,,,,,
Apr2023,,,,,
Apr2023,BANK OF BARODA,8643.0,2541.0,45530.0,128162672.0
Apr2023,BANK OF INDIA,5326.0,2895.0,58114.0,71390237.0
Apr2023,BANK OF MAHARASHTRA,1921.0,420.0,4438.0,27671608.0
Apr2023,CANARA BANK,8101.0,4031.0,325851.0,158016698.0
Apr2023,CENTRAL BANK OF INDIA,2609.0,425.0,0.0,42947399.0
Apr2023,INDIAN BANK,4125.0,565.0,19808.0,98062571.0
Apr2023,INDIAN OVERSEAS BANK,2760.0,710.0,10724.0,49996534.0
Apr2023,PUNJAB AND SIND BANK,841.0,22.0,0.0,7039488.0
Apr2023,PUNJAB NATIONAL BANK,8209.0,4703.0,14622.0,131901193.0
Apr2023,STATE BANK OF INDIA,25612.0,39961.0,436310.0,973679807.0
Apr2023,UCO BANK,2209.0,216.0,0.0,32386686.0
Apr2023,UNION BANK OF INDIA,8030.0,3202.0,77828.0,144513204.0
Apr2023,,,,,
Apr2023,AXIS BANK LTD,5813.0,10074.0,328693.0,138386490.0
Apr2023,BANDHAN BANK LTD,433.0,5.0,0.0,13714519.0
Apr2023,CITY UNION BANK LTD.,1124.0,554.0,1347.0,14213600.0
Apr2023,CSB BANK LTD.,478.0,52.0,0.0,2435391.0
Apr2023,DCB BANK LTD,393.0,5.0,0.0,1590335.0
Apr2023,DHANALAKSHMI BANK LTD,229.0,41.0,479.0,2151185.0
Apr2023,FEDERAL BANK LTD,1567.0,348.0,15248.0,44735195.0
Apr2023,HDFC BANK LTD,10607.0,9446.0,1202642.0,258557983.0
Apr2023,ICICI BANK LTD,9053.0,7516.0,255177.0,144254169.0
Apr2023,IDBI BANK LTD,2247.0,1087.0,2540.0,31333178.0
Apr2023,IDFC FIRST BANK LTD,689.0,271.0,96870.0,20203457.0
Apr2023,INDUSIND BANK LTD,1692.0,1170.0,137899.0,25831978.0
Apr2023,JAMMU AND KASHMIR BANK LTD,895.0,621.0,31657.0,33517341.0
Apr2023,KARNATAKA BANK LTD,886.0,586.0,0.0,19486147.0
Apr2023,KARUR VYSYA BANK LTD,1398.0,841.0,6303.0,23009729.0
Apr2023,KOTAK MAHINDRA BANK LTD,1528.0,1433.0,182951.0,54889698.0
Apr2023,NAINITAL BANK LTD,0.0,0.0,0.0,434879.0
Apr2023,RBL BANK LTD,375.0,39.0,141962.0,3271128.0
Apr2023,SOUTH INDIAN BANK,875.0,417.0,0.0,14383193.0
Apr2023,TAMILNAD MERCANTILE BANK LTD,482.0,668.0,8682.0,22831702.0
Apr2023,YES BANK LTD,1106.0,179.0,96436.0,14136081.0
Mar2023,,,,,
Mar2023,,,,,
Mar2023,BANK OF BARODA,8786.0,2615.0,47534.0,131624669.0
Mar2023,BANK OF INDIA,5325.0,2889.0,61235.0,72071282.0
Mar2023,BANK OF MAHARASHTRA,1902.0,423.0,5052.0,28156431.0
Mar2023,CANARA BANK,8098.0,4032.0,365750.0,160685240.0
Mar2023,CENTRAL BANK OF INDIA,2609.0,326.0,0.0,42535145.0
Mar2023,INDIAN BANK,4338.0,591.0,19859.0,99704204.0
Mar2023,INDIAN OVERSEAS BANK,2783.0,693.0,11162.0,65361141.0
Mar2023,PUNJAB AND SIND BANK,814.0,21.0,0.0,7642608.0
Mar2023,PUNJAB NATIONAL BANK,8196.0,4702.0,16074.0,146888447.0
Mar2023,STATE BANK OF INDIA,25682.0,39945.0,472264.0,951444968.0
Mar2023,UCO BANK,2202.0,219.0,0.0,33123446.0
Mar2023,UNION BANK OF INDIA,8042.0,3190.0,57948.0,147864709.0
Mar2023,,,,,
Mar2023,AXIS BANK LTD,5800.0,10127.0,343481.0,139863358.0
Mar2023,BANDHAN BANK LTD,433.0,5.0,0.0,13832477.0
Mar2023,CITY UNION BANK LTD.,1124.0,554.0,989.0,14890090.0
Mar2023,CSB BANK LTD.,476.0,52.0,0.0,2555341.0
Mar2023,DCB BANK LTD,391.0,5.0,0.0,1634120.0
Mar2023,DHANALAKSHMI BANK LTD,228.0,42.0,726.0,2200769.0
Mar2023,FEDERAL BANK LTD,1565.0,349.0,16328.0,46366853.0
Mar2023,HDFC BANK LTD,10301.0,9426.0,1234208.0,259747740.0
Mar2023,ICICI BANK LTD,9003.0,7639.0,263884.0,146214375.0
Mar2023,IDBI BANK LTD,2244.0,1090.0,2348.0,32303549.0
Mar2023,IDFC FIRST BANK LTD,656.0,269.0,96908.0,20211184.0
Mar2023,INDUSIND BANK LTD,1675.0,1205.0,149839.0,27433222.0
Mar2023,JAMMU AND KASHMIR BANK LTD,882.0,619.0,33289.0,31130409.0
Mar2023,KARNATAKA BANK LTD,888.0,586.0,0.0,20469200.0
Mar2023,KARUR VYSYA BANK LTD,1400.0,840.0,6934.0,23897228.0
Mar2023,KOTAK MAHINDRA BANK LTD,1532.0,1431.0,187105.0,55378133.0
Mar2023,NAINITAL BANK LTD,0.0,0.0,0.0,438577.0
Mar2023,RBL BANK LTD,375.0,39.0,146681.0,3311059.0
Mar2023,SOUTH INDIAN BANK,872.0,417.0,0.0,14947376.0
Mar2023,TAMILNAD MERCANTILE BANK LTD,482.0,668.0,9690.0,22555450.0
Mar2023,YES BANK LTD,1099.0,186.0,102937.0,14234023.0
Feb2023,,,,,
Feb2023,,,,,
Feb2023,BANK OF BARODA,8772.0,2643.0,46782.0,120196653.0
Feb2023,BANK OF INDIA,5323.0,2886.0,55504.0,66267389.0
Feb2023,BANK OF MAHARASHTRA,1884.0,430.0,3962.0,25729052.0
Feb2023,CANARA BANK,8100.0,4028.0,326006.0,145135907.0
Feb2023,CENTRAL BANK OF INDIA,1933.0,324.0,0.0,38408259.0
Feb2023,INDIAN BANK,4354.0,593.0,20612.0,90745899.0
Feb2023,INDIAN OVERSEAS BANK,2687.0,750.0,10226.0,59915531.0
Feb2023,PUNJAB AND SIND BANK,807.0,21.0,0.0,7013109.0
Feb2023,PUNJAB NATIONAL BANK,8165.0,4698.0,14279.0,133114137.0
Feb2023,STATE BANK OF INDIA,25635.0,39993.0,404748.0,898529464.0
Feb2023,UCO BANK,2199.0,217.0,0.0,30547531.0
Feb2023,UNION BANK OF INDIA,8042.0,3190.0,64460.0,134862053.0
Feb2023,,,,,
Feb2023,AXIS BANK LTD,5723.0,9788.0,242428.0,120874013.0
Feb2023,BANDHAN BANK LTD,432.0,5.0,0.0,12742862.0
Feb2023,CITY UNION BANK LTD.,1118.0,554.0,156.0,13530126.0
Feb2023,CSB BANK LTD.,469.0,53.0,0.0,2299175.0
Feb2023,DCB BANK LTD,388.0,5.0,0.0,1476876.0
Feb2023,DHANALAKSHMI BANK LTD,226.0,42.0,626.0,1985280.0
Feb2023,FEDERAL BANK LTD,1552.0,350.0,16246.0,41855935.0
Feb2023,HDFC BANK LTD,9834.0,9391.0,1112772.0,237023498.0
Feb2023,ICICI BANK LTD,8926.0,7647.0,230383.0,133737021.0
Feb2023,IDBI BANK LTD,2240.0,1114.0,2295.0,29715972.0
Feb2023,IDFC FIRST BANK LTD,646.0,249.0,82890.0,18941002.0
Feb2023,INDUSIND BANK LTD,1669.0,1217.0,123794.0,24639176.0
Feb2023,JAMMU AND KASHMIR BANK LTD,859.0,622.0,29640.0,28308198.0
Feb2023,KARNATAKA BANK LTD,876.0,585.0,0.0,18294562.0
Feb2023,KARUR VYSYA BANK LTD,1396.0,841.0,6027.0,21811501.0
Feb2023,KOTAK MAHINDRA BANK LTD,1511.0,1361.0,168067.0,49993917.0
Feb2023,NAINITAL BANK LTD,0.0,0.0,0.0,416047.0
Feb2023,RBL BANK LTD,373.0,39.0,132035.0,2981974.0
Feb2023,SOUTH INDIAN BANK,860.0,418.0,0.0,13492757.0
Feb2023,TAMILNAD MERCANTILE BANK LTD,482.0,667.0,9660.0,20209791.0
Feb2023,YES BANK LTD,1078.0,185.0,91543.0,12865625.0
Jan2023,,,,,
Jan2023,,,,,
Jan2023,BANK OF BARODA,8799.0,2662.0,57225.0,124798526.0
Jan2023,BANK OF INDIA,5318.0,2866.0,59109.0,68313617.0
Jan2023,BANK OF MAHARASHTRA,1851.0,434.0,4998.0,26966288.0
Jan2023,CANARA BANK,8097.0,4030.0,341154.0,149646726.0
Jan2023,CENTRAL BANK OF INDIA,1696.0,324.0,0.0,39090354.0
Jan2023,INDIAN BANK,4366.0,604.0,21154.0,93338086.0
Jan2023,INDIAN OVERSEAS BANK,2710.0,749.0,10789.0,62636852.0
Jan2023,PUNJAB AND SIND BANK,797.0,21.0,0.0,7176403.0
Jan2023,PUNJAB NATIONAL BANK,8129.0,4773.0,13563.0,131984291.0
Jan2023,STATE BANK OF INDIA,25649.0,39993.0,445459.0,924421768.0
Jan2023,UCO BANK,2199.0,217.0,0.0,31006516.0
Jan2023,UNION BANK OF INDIA,8042.0,3190.0,53771.0,140472902.0
Jan2023,,,,,
Jan2023,AXIS BANK LTD,5620.0,9827.0,267744.0,127513892.0
Jan2023,BANDHAN BANK LTD,423.0,5.0,0.0,13316387.0
Jan2023,CITY UNION BANK LTD.,1123.0,563.0,366.0,13737168.0
Jan2023,CSB BANK LTD.,462.0,53.0,0.0,2396451.0
Jan2023,DCB BANK LTD,383.0,7.0,0.0,1563917.0
Jan2023,DHANALAKSHMI BANK LTD,225.0,42.0,674.0,2062798.0
Jan2023,FEDERAL BANK LTD,1549.0,350.0,18538.0,44634147.0
Jan2023,HDFC BANK LTD,9834.0,9391.0,1189855.0,244580730.0
Jan2023,ICICI BANK LTD,8891.0,7709.0,260383.0,140080612.0
Jan2023,IDBI BANK LTD,2235.0,1116.0,2717.0,30827893.0
Jan2023,IDFC FIRST BANK LTD,644.0,243.0,88368.0,18890594.0
Jan2023,INDUSIND BANK LTD,1664.0,1242.0,134792.0,25422980.0
Jan2023,JAMMU AND KASHMIR BANK LTD,859.0,622.0,28063.0,27698898.0
Jan2023,KARNATAKA BANK LTD,873.0,587.0,0.0,19411367.0
Jan2023,KARUR VYSYA BANK LTD,1386.0,841.0,6698.0,22925561.0
Jan2023,KOTAK MAHINDRA BANK LTD,1495.0,1361.0,179613.0,53201089.0
Jan2023,NAINITAL BANK LTD,0.0,0.0,0.0,423362.0
Jan2023,RBL BANK LTD,371.0,39.0,140311.0,3157272.0
Jan2023,SOUTH INDIAN BANK,858.0,419.0,0.0,14254095.0
Jan2023,TAMILNAD MERCANTILE BANK LTD,482.0,666.0,9138.0,20451725.0
Jan2023,YES BANK LTD,1078.0,185.0,97310.0,13365460.0
Dec2022,,,,,
Dec2022,,,,,
Dec2022,BANK OF BARODA,8784.0,2672.0,76562.0,132246351.0
Dec2022,BANK OF INDIA,5311.0,2855.0,59013.0,69552148.0
Dec2022,BANK OF MAHARASHTRA,1817.0,435.0,5066.0,26896382.0
Dec2022,CANARA BANK,8108.0,4039.0,351022.0,151118550.0
Dec2022,CENTRAL BANK OF INDIA,1248.0,324.0,0.0,39284549.0
Dec2022,INDIAN BANK,4358.0,611.0,19764.0,93573858.0
Dec2022,INDIAN OVERSEAS BANK,2708.0,746.0,10964.0,64235853.0
Dec2022,PUNJAB AND SIND BANK,787.0,22.0,0.0,7353288.0
Dec2022,PUNJAB NATIONAL BANK,8150.0,4807.0,14584.0,132930191.0
Dec2022,STATE BANK OF INDIA,25686.0,39964.0,439215.0,954396058.0
Dec2022,UCO BANK,2194.0,216.0,0.0,31394716.0
Dec2022,UNION BANK OF INDIA,8042.0,3190.0,46519.0,148132155.0
Dec2022,,,,,
Dec2022,AXIS BANK LTD,5791.0,9851.0,264625.0,131229103.0
Dec2022,BANDHAN BANK LTD,407.0,5.0,0.0,13344636.0
Dec2022,CITY UNION BANK LTD.,1115.0,564.0,11.0,14015663.0
Dec2022,CSB BANK LTD.,459.0,53.0,0.0,2506557.0
Dec2022,DCB BANK LTD,378.0,7.0,0.0,1586501.0
Dec2022,DHANALAKSHMI BANK LTD,223.0,42.0,503.0,2088290.0
Dec2022,FEDERAL BANK LTD,1544.0,350.0,16586.0,45594552.0
Dec2022,HDFC BANK LTD,9588.0,9419.0,1213155.0,253574653.0
Dec2022,ICICI BANK LTD,8805.0,7740.0,258541.0,146578113.0
Dec2022,IDBI BANK LTD,2224.0,1119.0,2377.0,32495524.0
Dec2022,IDFC FIRST BANK LTD,628.0,239.0,87981.0,19052987.0
Dec2022,INDUSIND BANK LTD,1649.0,1247.0,134786.0,26008169.0
Dec2022,JAMMU AND KASHMIR BANK LTD,858.0,627.0,27685.0,30872270.0
Dec2022,KARNATAKA BANK LTD,869.0,594.0,0.0,19621354.0
Dec2022,KARUR VYSYA BANK LTD,1382.0,851.0,5970.0,23536044.0
Dec2022,KOTAK MAHINDRA BANK LTD,1485.0,1329.0,181695.0,55067167.0
Dec2022,NAINITAL BANK LTD,0.0,0.0,0.0,437353.0
Dec2022,RBL BANK LTD,373.0,40.0,142523.0,3178010.0
Dec2022,SOUTH INDIAN BANK,857.0,420.0,0.0,14830815.0
Dec2022,TAMILNAD MERCANTILE BANK LTD,482.0,666.0,9733.0,21797167.0
Dec2022,YES BANK LTD,1073.0,184.0,94711.0,13465972.0
Nov2022,,,,,
Nov2022,,,,,
Nov2022,BANK OF BARODA,8795.0,2664.0,71609.0,120828314.0
Nov2022,BANK OF INDIA,5307.0,2837.0,59157.0,66058368.0
Nov2022,BANK OF MAHARASHTRA,1809.0,435.0,4888.0,27132203.0
Nov2022,CANARA BANK,8103.0,4039.0,310338.0,141612990.0
Nov2022,CENTRAL BANK OF INDIA,1249.0,325.0,0.0,37091658.0
Nov2022,INDIAN BANK,4309.0,594.0,21376.0,88512000.0
Nov2022,INDIAN OVERSEAS BANK,2707.0,736.0,9534.0,60017621.0
Nov2022,PUNJAB AND SIND BANK,780.0,23.0,0.0,7191589.0
Nov2022,PUNJAB NATIONAL BANK,8159.0,4804.0,12875.0,134807646.0
Nov2022,STATE BANK OF INDIA,25740.0,39971.0,398619.0,914205814.0
Nov2022,UCO BANK,2187.0,218.0,0.0,30188268.0
Nov2022,UNION BANK OF INDIA,8042.0,3190.0,37851.0,140188720.0
Nov2022,,,,,
Nov2022,AXIS BANK LTD,5761.0,10097.0,249092.0,123953956.0
Nov2022,BANDHAN BANK LTD,428.0,5.0,0.0,12884540.0
Nov2022,CITY UNION BANK LTD.,1108.0,568.0,24.0,13122310.0
Nov2022,CSB BANK LTD.,457.0,53.0,0.0,2947232.0
Nov2022,DCB BANK LTD,375.0,8.0,0.0,1517058.0
Nov2022,DHANALAKSHMI BANK LTD,222.0,42.0,493.0,1988713.0
Nov2022,FEDERAL BANK LTD,1535.0,351.0,15054.0,42717015.0
Nov2022,HDFC BANK LTD,9366.0,9530.0,1128407.0,237798169.0
Nov2022,ICICI BANK LTD,8725.0,7754.0,233122.0,136156751.0
Nov2022,IDBI BANK LTD,2215.0,1124.0,2566.0,30964530.0
Nov2022,IDFC FIRST BANK LTD,620.0,229.0,72240.0,17597464.0
Nov2022,INDUSIND BANK LTD,1619.0,1247.0,118352.0,24851057.0
Nov2022,JAMMU AND KASHMIR BANK LTD,858.0,627.0,24634.0,30297827.0
Nov2022,KARNATAKA BANK LTD,847.0,613.0,0.0,18633273.0
Nov2022,KARUR VYSYA BANK LTD,1381.0,852.0,6028.0,22329075.0
Nov2022,KOTAK MAHINDRA BANK LTD,1471.0,1330.0,164142.0,47537324.0
Nov2022,NAINITAL BANK LTD,,,0.0,428257.0
Nov2022,RBL BANK LTD,373.0,40.0,136334.0,3072462.0
Nov2022,SOUTH INDIAN BANK,856.0,418.0,0.0,13671496.0
Nov2022,TAMILNAD MERCANTILE BANK LTD,482.0,667.0,9315.0,20394752.0
Nov2022,YES BANK LTD,1069.0,186.0,86113.0,12676077.0
Oct2022,,,,,
Oct2022,,,,,
Oct2022,BANK OF BARODA,8795.0,2664.0,76035.0,135671905.0
Oct2022,BANK OF INDIA,5307.0,2837.0,58512.0,73975244.0
Oct2022,BANK OF MAHARASHTRA,1809.0,435.0,4996.0,33204560.0
Oct2022,CANARA BANK,8103.0,4039.0,313577.0,150066581.0
Oct2022,CENTRAL BANK OF INDIA,1249.0,325.0,0.0,40988971.0
Oct2022,INDIAN BANK,4309.0,594.0,19566.0,97888000.0
Oct2022,INDIAN OVERSEAS BANK,2707.0,736.0,4558.0,66073822.0
Oct2022,PUNJAB AND SIND BANK,780.0,23.0,0.0,7343146.0
Oct2022,PUNJAB NATIONAL BANK,8159.0,4804.0,12493.0,147694866.0
Oct2022,STATE BANK OF INDIA,25740.0,39971.0,404193.0,1006310897.0
Oct2022,UCO BANK,2187.0,218.0,0.0,32402266.0
Oct2022,UNION BANK OF INDIA,8042.0,3190.0,35558.0,153025046.0
Oct2022,,,,,
Oct2022,AXIS BANK LTD,5761.0,10097.0,235503.0,136927532.0
Oct2022,BANDHAN BANK LTD,428.0,5.0,0.0,13165491.0
Oct2022,CITY UNION BANK LTD.,1108.0,568.0,28.0,14857275.0
Oct2022,CSB BANK LTD.,457.0,53.0,0.0,2439427.0
Oct2022,DCB BANK LTD,375.0,8.0,0.0,1661678.0
Oct2022,DHANALAKSHMI BANK LTD,222.0,42.0,534.0,2033980.0
Oct2022,FEDERAL BANK LTD,1535.0,351.0,16676.0,44389763.0
Oct2022,HDFC BANK LTD,9366.0,9530.0,1168983.0,262190425.0
Oct2022,ICICI BANK LTD,8725.0,7754.0,253241.0,152208204.0
Oct2022,IDBI BANK LTD,2215.0,1124.0,2468.0,35309113.0
Oct2022,IDFC FIRST BANK LTD,620.0,229.0,68209.0,19229000.0
Oct2022,INDUSIND BANK LTD,1619.0,1247.0,122219.0,27280550.0
Oct2022,JAMMU AND KASHMIR BANK LTD,858.0,627.0,25723.0,32599017.0
Oct2022,KARNATAKA BANK LTD,847.0,613.0,0.0,19414349.0
Oct2022,KARUR VYSYA BANK LTD,1381.0,852.0,5035.0,24565607.0
Oct2022,KOTAK MAHINDRA BANK LTD,1471.0,1330.0,163206.0,53057630.0
Oct2022,NAINITAL BANK LTD,,,0.0,477455.0
Oct2022,RBL BANK LTD,373.0,40.0,136326.0,3418660.0
Oct2022,SOUTH INDIAN BANK,856.0,418.0,0.0,14187834.0
Oct2022,TAMILNAD MERCANTILE BANK LTD,482.0,667.0,8881.0,22909000.0
Oct2022,YES BANK LTD,1069.0,186.0,80470.0,13954442.0
Sep2022,,,,,
Sep2022,,,,,
Sep2022,BANK OF BARODA,8777.0,2684.0,83563.0,123238948.0
Sep2022,BANK OF INDIA,5274.0,2798.0,52755.0,63682129.0
Sep2022,BANK OF MAHARASHTRA,1786.0,434.0,4770.0,27858679.0
Sep2022,CANARA BANK,8087.0,4071.0,298769.0,137461350.0
Sep2022,CENTRAL BANK OF INDIA,1688.0,328.0,0.0,35899007.0
Sep2022,INDIAN BANK,4230.0,595.0,19102.0,90838090.0
Sep2022,INDIAN OVERSEAS BANK,2716.0,721.0,4299.0,59259013.0
Sep2022,PUNJAB AND SIND BANK,778.0,25.0,0.0,7033701.0
Sep2022,PUNJAB NATIONAL BANK,8152.0,4814.0,11652.0,134701628.0
Sep2022,STATE BANK OF INDIA,25780.0,40016.0,374448.0,914414860.0
Sep2022,UCO BANK,2179.0,217.0,0.0,29681536.0
Sep2022,UNION BANK OF INDIA,8042.0,3190.0,28540.0,138997100.0
Sep2022,,,,,
Sep2022,AXIS BANK LTD,5799.0,10209.0,213893.0,125440654.0
Sep2022,BANDHAN BANK LTD,427.0,5.0,0.0,13551248.0
Sep2022,CITY UNION BANK LTD.,1122.0,571.0,60.0,14027432.0
Sep2022,CSB BANK LTD.,454.0,53.0,0.0,2304483.0
Sep2022,DCB BANK LTD,373.0,8.0,388.0,1642884.0
Sep2022,DHANALAKSHMI BANK LTD,219.0,42.0,506.0,2003250.0
Sep2022,FEDERAL BANK LTD,1525.0,350.0,14222.0,43179908.0
Sep2022,HDFC BANK LTD,9229.0,9639.0,1077125.0,232190756.0
Sep2022,ICICI BANK LTD,8687.0,7790.0,239545.0,135995183.0
Sep2022,IDBI BANK LTD,2211.0,1134.0,2230.0,31867471.0
Sep2022,IDFC FIRST BANK LTD,602.0,210.0,57781.0,12817952.0
Sep2022,INDUSIND BANK LTD,1559.0,1248.0,116201.0,25880603.0
Sep2022,JAMMU AND KASHMIR BANK LTD,850.0,621.0,25235.0,30179286.0
Sep2022,KARNATAKA BANK LTD,842.0,614.0,0.0,18491971.0
Sep2022,KARUR VYSYA BANK LTD,1383.0,855.0,4776.0,23465247.0
Sep2022,KOTAK MAHINDRA BANK LTD,1456.0,1346.0,153702.0,47752830.0
Sep2022,RBL BANK LTD,372.0,41.0,131085.0,3033295.0
Sep2022,SOUTH INDIAN BANK,857.0,418.0,0.0,13947178.0
Sep2022,TAMILNAD MERCANTILE BANK LTD,476.0,670.0,8070.0,21438330.0
Sep2022,YES BANK LTD,1069.0,188.0,81593.0,12585382.0
Aug2022,,,,,
Aug2022,,,,,
Aug2022,BANK OF BARODA,8769.0,2684.0,92700.0,127387125.0
Aug2022,BANK OF INDIA,5159.0,2695.0,50043.0,67479100.0
Aug2022,BANK OF MAHARASHTRA,1771.0,433.0,4868.0,29786138.0
Aug2022,CANARA BANK,8088.0,4107.0,286394.0,138544861.0
Aug2022,CENTRAL BANK OF INDIA,1788.0,342.0,0.0,36504729.0
Aug2022,INDIAN BANK,4233.0,592.0,18763.0,92726764.0
Aug2022,INDIAN OVERSEAS BANK,2719.0,693.0,3879.0,63229330.0
Aug2022,PUNJAB AND SIND BANK,777.0,25.0,0.0,7152353.0
Aug2022,PUNJAB NATIONAL BANK,8209.0,4840.0,11294.0,129767016.0
Aug2022,STATE BANK OF INDIA,25721.0,39969.0,388351.0,919201109.0
Aug2022,UCO BANK,2164.0,219.0,0.0,29613880.0
Aug2022,UNION BANK OF INDIA,8042.0,3190.0,31481.0,144289771.0
Aug2022,,,,,
Aug2022,AXIS BANK LTD,5783.0,10341.0,250290.0,127512745.0
Aug2022,BANDHAN BANK LTD,423.0,5.0,0.0,12822149.0
Aug2022,CITY UNION BANK LTD.,1120.0,573.0,77.0,14292536.0
Aug2022,CSB BANK LTD.,451.0,53.0,0.0,2388976.0
Aug2022,DCB BANK LTD,373.0,8.0,677.0,1655084.0
Aug2022,DHANALAKSHMI BANK LTD,217.0,42.0,441.0,2068371.0
Aug2022,FEDERAL BANK LTD,1518.0,350.0,14068.0,44811676.0
Aug2022,HDFC BANK LTD,9154.0,9574.0,1094391.0,236110759.0
Aug2022,ICICI BANK LTD,8640.0,7911.0,249882.0,140744350.0
Aug2022,IDBI BANK LTD,2212.0,1182.0,2245.0,32175715.0
Aug2022,IDFC FIRST BANK LTD,586.0,208.0,55677.0,12451992.0
Aug2022,INDUSIND BANK LTD,1555.0,1252.0,112874.0,24759566.0
Aug2022,JAMMU AND KASHMIR BANK LTD,848.0,619.0,24531.0,30019493.0
Aug2022,KARNATAKA BANK LTD,839.0,615.0,0.0,18790778.0
Aug2022,KARUR VYSYA BANK LTD,1377.0,861.0,3788.0,23951410.0
Aug2022,KOTAK MAHINDRA BANK LTD,1447.0,1353.0,165863.0,47706420.0
Aug2022,RBL BANK LTD,373.0,41.0,132904.0,3049655.0
Aug2022,SOUTH INDIAN BANK,856.0,416.0,0.0,14419487.0
Aug2022,TAMILNAD MERCANTILE BANK LTD,477.0,670.0,8608.0,21693087.0
Aug2022,YES BANK LTD,1067.0,189.0,79895.0,12492821.0
Jul2022,,,,,
Jul2022,,,,,
Jul2022,BANK OF BARODA,8760.0,2683.0,95340.0,127554009.0
Jul2022,BANK OF INDIA,5161.0,2658.0,48267.0,67388711.0
Jul2022,BANK OF MAHARASHTRA,1747.0,434.0,4187.0,29302557.0
Jul2022,CANARA BANK,8063.0,4127.0,285988.0,138755977.0
Jul2022,CENTRAL BANK OF INDIA,2414.0,425.0,0.0,37431116.0
Jul2022,INDIAN BANK,4239.0,593.0,20220.0,94473840.0
Jul2022,INDIAN OVERSEAS BANK,2734.0,674.0,3911.0,65077877.0
Jul2022,PUNJAB AND SIND BANK,776.0,25.0,0.0,6905555.0
Jul2022,PUNJAB NATIONAL BANK,8218.0,4908.0,8372.0,138239976.0
Jul2022,STATE BANK OF INDIA,25993.0,39646.0,329434.0,932490547.0
Jul2022,UCO BANK,2155.0,221.0,0.0,29636149.0
Jul2022,UNION BANK OF INDIA,8042.0,3190.0,30577.0,145568984.0
Jul2022,,,,,
Jul2022,AXIS BANK LTD,5779.0,10399.0,233338.0,129879097.0
Jul2022,BANDHAN BANK LTD,423.0,5.0,0.0,13253269.0
Jul2022,CITY UNION BANK LTD.,1114.0,573.0,48.0,14368482.0
Jul2022,CSB BANK LTD.,446.0,53.0,0.0,2325569.0
Jul2022,DCB BANK LTD,372.0,8.0,716.0,1652874.0
Jul2022,DHANALAKSHMI BANK LTD,216.0,43.0,486.0,2000255.0
Jul2022,FEDERAL BANK LTD,1511.0,353.0,12532.0,45123828.0
Jul2022,HDFC BANK LTD,9106.0,9639.0,1030692.0,235441316.0
Jul2022,ICICI BANK LTD,8611.0,7968.0,238797.0,142661869.0
Jul2022,IDBI BANK LTD,2210.0,1178.0,1925.0,32496461.0
Jul2022,IDFC FIRST BANK LTD,593.0,215.0,48524.0,12769301.0
Jul2022,INDUSIND BANK LTD,1534.0,1256.0,105309.0,24751101.0
Jul2022,JAMMU AND KASHMIR BANK LTD,842.0,618.0,24705.0,32100093.0
Jul2022,KARNATAKA BANK LTD,835.0,619.0,0.0,18837140.0
Jul2022,KARUR VYSYA BANK LTD,1376.0,860.0,3527.0,24526287.0
Jul2022,KOTAK MAHINDRA BANK LTD,1434.0,1348.0,152583.0,46907869.0
Jul2022,RBL BANK LTD,375.0,41.0,120749.0,3022858.0
Jul2022,SOUTH INDIAN BANK,856.0,417.0,0.0,14184811.0
Jul2022,TAMILNAD MERCANTILE BANK LTD,477.0,670.0,8668.0,22071216.0
Jul2022,YES BANK LTD,1066.0,190.0,73405.0,12127748.0
Jun2022,,,,,
Jun2022,,,,,
Jun2022,BANK OF BARODA,8770.0,2705.0,96098.0,131390894.0
Jun2022,BANK OF INDIA,5220.0,2753.0,53280.0,69266420.0
Jun2022,BANK OF MAHARASHTRA,1731.0,434.0,4301.0,30700377.0
Jun2022,CANARA BANK,8071.0,4130.0,278672.0,139532624.0
Jun2022,CENTRAL BANK OF INDIA,2418.0,581.0,0.0,38229003.0
Jun2022,INDIAN BANK,4228.0,596.0,19076.0,95795257.0
Jun2022,INDIAN OVERSEAS BANK,2735.0,646.0,3846.0,65472059.0
Jun2022,PUNJAB AND SIND BANK,777.0,25.0,0.0,6720562.0
Jun2022,PUNJAB NATIONAL BANK,8206.0,5013.0,8365.0,136013584.0
Jun2022,STATE BANK OF INDIA,26022.0,39548.0,342127.0,924425254.0
Jun2022,UCO BANK,2144.0,222.0,0.0,29728861.0
Jun2022,UNION BANK OF INDIA,8042.0,3190.0,31151.0,145769832.0
Jun2022,,,,,
Jun2022,AXIS BANK LTD,5761.0,10423.0,236921.0,128898760.0
Jun2022,BANDHAN BANK LTD,424.0,5.0,0.0,12869180.0
Jun2022,CITY UNION BANK LTD.,1114.0,577.0,33.0,14316787.0
Jun2022,CSB BANK LTD.,435.0,52.0,0.0,2280586.0
Jun2022,DCB BANK LTD,365.0,8.0,967.0,1682655.0
Jun2022,DHANALAKSHMI BANK LTD,214.0,44.0,402.0,1965974.0
Jun2022,FEDERAL BANK LTD,1509.0,351.0,11784.0,43754745.0
Jun2022,HDFC BANK LTD,9030.0,9590.0,979336.0,232807132.0
Jun2022,ICICI BANK LTD,8523.0,7986.0,238163.0,141432693.0
Jun2022,IDBI BANK LTD,2210.0,1176.0,2047.0,33210624.0
Jun2022,IDFC FIRST BANK LTD,588.0,219.0,45385.0,12988361.0
Jun2022,INDUSIND BANK LTD,1525.0,1258.0,101825.0,24224698.0
Jun2022,JAMMU AND KASHMIR BANK LTD,840.0,617.0,23566.0,30617541.0
Jun2022,KARNATAKA BANK LTD,832.0,619.0,0.0,19261859.0
Jun2022,KARUR VYSYA BANK LTD,1371.0,866.0,2731.0,24844440.0
Jun2022,KOTAK MAHINDRA BANK LTD,1413.0,1342.0,148874.0,45810661.0
Jun2022,RBL BANK LTD,376.0,41.0,115902.0,3018010.0
Jun2022,SOUTH INDIAN BANK,855.0,417.0,0.0,13882975.0
Jun2022,TAMILNAD MERCANTILE BANK LTD,476.0,668.0,8111.0,22180051.0
Jun2022,YES BANK LTD,1060.0,192.0,69267.0,11933042.0
May2022,,,,,
May2022,,,,,
May2022,BANK OF BARODA,8770.0,2718.0,113135.0,136210034.0
May2022,BANK OF INDIA,5259.0,2808.0,58813.0,72441187.0
May2022,BANK OF MAHARASHTRA,1718.0,436.0,3696.0,32474887.0
May2022,CANARA BANK,8062.0,4128.0,269623.0,142676207.0
May2022,CENTRAL BANK OF INDIA,2389.0,587.0,0.0,40792043.0
May2022,INDIAN BANK,4237.0,592.0,14094.0,96579081.0
May2022,INDIAN OVERSEAS BANK,2731.0,637.0,3961.0,64720149.0
May2022,PUNJAB AND SIND BANK,777.0,25.0,0.0,7030946.0
May2022,PUNJAB NATIONAL BANK,8228.0,5092.0,8779.0,142207574.0
May2022,STATE BANK OF INDIA,26012.0,39456.0,341962.0,961241497.0
May2022,UCO BANK,2123.0,222.0,0.0,30426795.0
May2022,UNION BANK OF INDIA,8042.0,3190.0,26998.0,149090782.0
May2022,,,,,
May2022,AXIS BANK LTD,5756.0,10644.0,218750.0,132888181.0
May2022,BANDHAN BANK LTD,466.0,5.0,0.0,13192372.0
May2022,CITY UNION BANK,1108.0,596.0,43.0,14020251.0
May2022,CATHOLIC SYRIAN BANK LTD,423.0,52.0,0.0,2280947.0
May2022,DCB BANK LTD,364.0,8.0,864.0,1784653.0
May2022,DHANALAKSHMI BANK LTD,214.0,44.0,393.0,1982026.0
May2022,FEDERAL BANK LTD,1504.0,353.0,11269.0,44819841.0
May2022,HDFC BANK LTD,8964.0,9558.0,944796.0,239592702.0
May2022,ICICI BANK LTD,8470.0,8074.0,243277.0,146660651.0
May2022,IDBI LTD,2210.0,1182.0,2382.0,34825306.0
May2022,IDFC Bank Limited,574.0,220.0,46901.0,13157589.0
May2022,INDUSIND BANK LTD,1510.0,1263.0,96381.0,25362728.0
May2022,JAMMU AND KASHMIR BANK,840.0,614.0,22175.0,32525070.0
May2022,KARNATAKA BANK LTD,829.0,620.0,0.0,19454296.0
May2022,KARUR VYSYA BANK LTD,1369.0,864.0,2429.0,24544987.0
May2022,KOTAK MAHINDRA BANK LTD,1397.0,1337.0,149094.0,49267521.0
May2022,RATNAKAR BANK LIMITED,374.0,41.0,110794.0,3008739.0
May2022,SOUTH INDIAN BANK,854.0,418.0,0.0,14102269.0
May2022,TAMILNAD MERCANTILE BANK LTD,476.0,667.0,8270.0,22096757.0
May2022,YES BANK LTD,1060.0,192.0,66107.0,12196161.0
Apr2022,,,,,
Apr2022,,,,,
Apr2022,BANK OF BARODA,8751.0,2717.0,110103.0,136583411.0
Apr2022,BANK OF INDIA,5238.0,2788.0,54602.0,73163841.0
Apr2022,BANK OF MAHARASHTRA,1708.0,437.0,4914.0,31973557.0
Apr2022,CANARA BANK,8074.0,4132.0,258618.0,146298937.0
Apr2022,CENTRAL BANK OF INDIA,2389.0,587.0,0.0,42612111.0
Apr2022,INDIAN BANK,4243.0,596.0,18423.0,97670638.0
Apr2022,INDIAN OVERSEAS BANK,2732.0,624.0,3553.0,64039461.0
Apr2022,PUNJAB AND SIND BANK,746.0,23.0,0.0,7179654.0
Apr2022,PUNJAB NATIONAL BANK,8230.0,5115.0,9222.0,155391471.0
Apr2022,STATE BANK OF INDIA,26022.0,39304.0,323842.0,988277213.0
Apr2022,UCO BANK,2087.0,222.0,0.0,31021589.0
Apr2022,UNION BANK OF INDIA,8042.0,3190.0,31388.0,148153228.0
Apr2022,,,,,
Apr2022,AXIS BANK LTD,5753.0,10848.0,204333.0,135340499.0
Apr2022,BANDHAN BANK LTD,466.0,5.0,0.0,13814181.0
Apr2022,CSB BANK LTD,415.0,53.0,0.0,2253751.0
Apr2022,CITY UNION BANK,1103.0,613.0,48.0,13881118.0
Apr2022,DCB BANK LTD,353.0,8.0,1194.0,1886927.0
Apr2022,DHANALAKSHMI BANK LTD,214.0,44.0,409.0,2042657.0
Apr2022,FEDERAL BANK LTD,1505.0,381.0,9401.0,45108330.0
Apr2022,HDFC BANK LTD,8900.0,9512.0,825230.0,243348749.0
Apr2022,ICICI BANK LTD,8403.0,8138.0,220093.0,152202383.0
Apr2022,IDBI BANK LTD,2222.0,1180.0,2147.0,35476564.0
Apr2022,IDFC FIRST BANK LTD,538.0,217.0,42028.0,13038809.0
Apr2022,INDUSIND BANK LTD,1499.0,1266.0,89261.0,26385222.0
Apr2022,JAMMU AND KASHMIR BANK LTD,840.0,614.0,23724.0,34658843.0
Apr2022,KARNATAKA BANK LTD,825.0,626.0,0.0,19085224.0
Apr2022,KARUR VYSYA BANK LTD,1363.0,856.0,2365.0,24668707.0
Apr2022,KOTAK MAHINDRA BANK LTD,1384.0,1319.0,135879.0,48266618.0
Apr2022,RBL BANK LTD,374.0,41.0,104463.0,3143916.0
Apr2022,SOUTH INDIAN BANK,853.0,416.0,0.0,14393980.0
Apr2022,TAMILNAD MERCANTILE BANK LTD,476.0,667.0,6953.0,21093112.0
Apr2022,YES BANK LTD,1057.0,192.0,61642.0,12346224.0
Mar2022,,,,,
Mar2022,,,,,
Mar2022,BANK OF BARODA,8757.0,2730.0,101122.0,140457631.0
Mar2022,BANK OF INDIA,2507.0,2751.0,59089.0,74143941.0
Mar2022,BANK OF MAHARASHTRA,1694.0,434.0,5728.0,32295602.0
Mar2022,CANARA BANK,8071.0,4139.0,284861.0,148809518.0
Mar2022,CENTRAL BANK OF INDIA,2389.0,587.0,0.0,43780949.0
Mar2022,INDIAN BANK,4299.0,626.0,22364.0,99716222.0
Mar2022,INDIAN OVERSEAS BANK,2742.0,613.0,4013.0,64870005.0
Mar2022,PUNJAB AND SIND BANK,657.0,19.0,0.0,7692798.0
Mar2022,PUNJAB NATIONAL BANK,8211.0,5143.0,11026.0,156081568.0
Mar2022,STATE BANK OF INDIA,26189.0,39350.0,340034.0,969705161.0
Mar2022,UCO BANK,2095.0,222.0,0.0,30931578.0
Mar2022,UNION BANK OF INDIA,8042.0,3190.0,19393.0,150870681.0
Mar2022,,,,,
Mar2022,AXIS BANK LTD,5748.0,11174.0,185106.0,137931664.0
Mar2022,BANDHAN BANK LTD,466.0,5.0,0.0,14003767.0
Mar2022,CATHOLIC SYRIAN BANK LTD,1110.0,622.0,0.0,2370433.0
Mar2022,CITY UNION BANK,407.0,52.0,18.0,14527321.0
Mar2022,DCB BANK LTD,341.0,8.0,1476.0,1951475.0
Mar2022,DHANALAKSHMI BANK LTD,214.0,44.0,438.0,2044583.0
Mar2022,FEDERAL BANK LTD,1505.0,380.0,9439.0,45815354.0
Mar2022,HDFC BANK LTD,8703.0,9427.0,854423.0,242976848.0
Mar2022,ICICI BANK LTD,8402.0,8175.0,229472.0,154030785.0
Mar2022,IDBI LTD,2221.0,1182.0,2447.0,36485373.0
Mar2022,IDFC Bank Limited,505.0,214.0,43601.0,12878265.0
Mar2022,INDUSIND BANK LTD,1492.0,1275.0,92623.0,27508948.0
Mar2022,JAMMU AND KASHMIR BANK,840.0,613.0,27799.0,31721953.0
Mar2022,KARNATAKA BANK LTD,819.0,629.0,0.0,20083708.0
Mar2022,KARUR VYSYA BANK LTD,1362.0,861.0,2104.0,25548661.0
Mar2022,KOTAK MAHINDRA BANK LTD,1385.0,1314.0,134435.0,47795916.0
Mar2022,RATNAKAR BANK LIMITED,373.0,41.0,115606.0,3209045.0
Mar2022,SOUTH INDIAN BANK,854.0,416.0,0.0,14352249.0
Mar2022,TAMILNAD MERCANTILE BANK LTD,476.0,667.0,8470.0,21809573.0
Mar2022,YES BANK LTD,1031.0,190.0,64078.0,12373376.0
